ProjectID,Date,Origin,Destination,Modo,0000_0059,0100_0159,0200_0259,0300_0359,0400_0459,0500_0559,0600_0659,0700_0759,0800_0859,0900_0959,1000_1059,1100_1159,1200_1259,1300_1359,1400_1459,1500_1559,1600_1659,1700_1759,1800_1859,1900_1959,2000_2059,2100_2159,2200_2259,2300_2359
40,2019-11-13,100:206,64:306,private_transport,,,,,,,,,,48.0,,,,,,,,,,,,,,
40,2019-11-13,101:205,45:319,bus,,,,,,,,,12.0,,,,,,,,,,,,,,,
40,2019-11-13,101:205,45:319,private_transport,,,,,,,,,15.0,,,,,,,,,,,,,,,
40,2019-11-13,101:205,96:111,private_transport,14.0,,,,,,,,,,,,,,,,,,,,,,,
40,2019-11-13,103:203,45:319,bus,,,,,,,,,,,,,,,12.0,,,,,,,,,
40,2019-11-13,103:203,110:168,bus,,,,,,,,,,,,,17.0,,,,,,,,,,,
40,2019-11-13,103:203,111:167,bus,,,,,,,,,,,,,11.0,,,,,,,,,,,
40,2019-11-13,103:203,121:165,bus,,,,,,,,,,11.0,,,,,,,,,,,,,,
40,2019-11-13,103:203,121:165,private_transport,,,,,,,,,,22.0,,,,,,,,,,,,,,
40,2019-11-13,103:203,137:149,bus,,,,,,,,,,10.0,,,,,,,,,,,,,,
40,2019-11-13,103:203,137:149,private_transport,,,,,,,,,,10.0,,,,,,,,,,,,,,
40,2019-11-13,103:203,144:126,private_transport,,,,,,,,,,,,,,,10.0,,,,,,,,,
40,2019-11-13,103:203,158:128,bus,,,,,,,,,,,11.0,,,,,,,,,,,,,
40,2019-11-13,103:203,158:128,private_transport,,,,,,,,,,,24.0,,,,,,,,,,,,,
40,2019-11-13,103:203,159:127,bus,,,,,,,,,,,,,,,15.0,,,,,,,,,
40,2019-11-13,103:203,159:127,private_transport,,,,,,,,,,11.0,,,,,11.0,,,,,,,,,
40,2019-11-13,103:203,58:303,private_transport,,,,,,,,,,,,,,,,19.0,,,,,,,,
40,2019-11-13,103:203,86:105,private_transport,,,,,,,,,,18.0,,,,,,,,,,,,,,
40,2019-11-13,103:203,88:103,private_transport,,,,,,,,,,,11.0,,,,,,,,,,,,,
40,2019-11-13,103:203,97:102,private_transport,,,,,,,,,,,12.0,,,,,,,,,,,,,
40,2019-11-13,104:202,110:168,private_transport,,,,28.0,,,,,,,,,,,24.0,,,,,,,,,
40,2019-11-13,104:202,111:167,bus,,,,,,,,,,,,,,,19.0,,,,,,,,,
40,2019-11-13,104:202,111:167,private_transport,,,,,,,,,,,,,,,29.0,,,,,,,,,
40,2019-11-13,104:202,104:202,bus,,,,,,,,,,,,,,,11.0,,,,,,,,,
40,2019-11-13,104:202,104:202,private_transport,,,,33.0,,,,,,,,,,,56.0,,,,,,,,,
40,2019-11-13,104:202,139:147,bus,,,,,,,,,,,,,,,,,14.0,,,,,,,
40,2019-11-13,104:202,139:147,private_transport,,,,,,,,,,,,,,,,,11.0,,,,,,,
40,2019-11-13,104:202,140:146,bus,,,,,,,,,,,,,,,,,10.0,,,,,,,
40,2019-11-13,104:202,141:145,bus,,,,,,,,,,,,,,,,,28.0,,,,,,,
40,2019-11-13,104:202,141:145,private_transport,,,,,,,,,,,,,,,,,19.0,,,,,,,
40,2019-11-13,104:202,147:123,private_transport,,,,,,,,,,,,,,,10.0,,,,,,,,,
40,2019-11-13,106:208,141:145,bus,,,,,,,,,,,,,,,13.0,,,,,,,,,
40,2019-11-13,106:208,107:207,bus,,,,,,,,,,,,,,,,,,,,,,11.0,,
40,2019-11-13,106:208,107:207,private_transport,,,,,,,,,,,,,,,,,,,,,,11.0,,
40,2019-11-13,107:207,64:306,private_transport,,,,,,,,,,44.0,,,,,,,,,,,,,,
40,2019-11-13,107:207,140:146,bus,,,,,,,,,,,,,,,12.0,,,,,,,,,
40,2019-11-13,107:207,140:146,private_transport,,,,,,,,,,,,,,,20.0,,,,,,,,,
40,2019-11-13,107:207,141:145,bus,,,,,,,,,,,,,,,10.0,,,,,,,,,
40,2019-11-13,107:207,141:145,private_transport,,,,,,,,,,,,,,,20.0,,,,,,,,,
40,2019-11-13,107:207,107:207,bus,,,,,,,,,,,,,,,,,,,,,,10.0,,
40,2019-11-13,107:207,107:207,private_transport,,,,,,,,,,,,,,,,,,,,,,10.0,,
40,2019-11-13,107:207,106:208,bus,,,,,,,,,,,,,,,,,,,,,,12.0,,
40,2019-11-13,107:207,106:208,private_transport,,,,,,,,,,,,,,,,,,,,,,12.0,,
40,2019-11-13,107:207,112:158,bus,,,,,,,,,,,,,,,,,,,,,,15.0,,
40,2019-11-13,107:207,112:158,private_transport,,,,,,,,,,,,,,,,,,,,,,15.0,,
40,2019-11-13,107:207,68:315,private_transport,,,,,,,,,,12.0,,,,,,,,,,,,,,
40,2019-11-13,108:170,96:111,private_transport,25.0,,,,,,,,,,,,,,,,,,,,,,,
40,2019-11-13,108:170,121:165,private_transport,,,,,,,,,,,,,,,,,,30.0,,,,,,
40,2019-11-13,108:170,86:105,bus,,,,,,,,,,,,,,,,,,12.0,,,,,,
40,2019-11-13,108:170,129:141,private_transport,,,,,,,,,,,,,,,,27.0,,,,,,,,
40,2019-11-13,108:170,130:140,bus,,,,,,,,,,,,,,,,17.0,,,,,,,,
40,2019-11-13,108:170,130:140,private_transport,,,,,,,,,,,,,,,,26.0,,,,,,,,
40,2019-11-13,108:170,149:121,bus,,,,,,,,,,,,,,,,,,17.0,,,,,,
40,2019-11-13,108:170,149:121,private_transport,,,,,,,,,,,,,,,,,,25.0,,,,,,
40,2019-11-13,108:170,160:110,private_transport,15.0,,,,,,,,,,,,,,,,,,,,,,,
40,2019-11-13,108:170,83:108,bus,,,,,,,,,,,,,,,,16.0,,,,,,,,
40,2019-11-13,109:169,45:319,private_transport,,48.0,,,,,,,,,,,,,,,,,,,,,,
40,2019-11-13,109:169,110:168,bus,,,,,,,,,,,,,46.0,,,,,,,,,,,
40,2019-11-13,109:169,110:168,private_transport,,,,,,,28.0,,,,,,19.0,,,,,,,,,,,
40,2019-11-13,109:169,121:165,bus,,,,,,,,,,,,,,,,,,,,,,11.0,,
40,2019-11-13,109:169,121:165,private_transport,,,,,,,,,,,,,16.0,,,,,,,,,20.0,,
40,2019-11-13,109:169,158:128,bus,,,,,,,12.0,,,,,,,,,,,,,,,,,
40,2019-11-13,109:169,158:128,private_transport,,,,,,,17.0,,,,,,,,,,,,,,,,,
40,2019-11-13,109:169,86:105,private_transport,,,,,,,,,17.0,,,,,,,,,,,,,,,
40,2019-11-13,109:169,97:102,private_transport,,,,,,,,,,,,,,,11.0,,,,,,,,,
40,2019-11-13,109:169,160:110,bus,,,,,,,,,,,,,,,10.0,,,,,,,,,
40,2019-11-13,109:169,83:108,private_transport,,,,,,,,,,,,,,,,,,,,,12.0,,,
40,2019-11-13,109:169,103:203,bus,,,,,,,,,,,,,,,,,,,10.0,,,,,
40,2019-11-13,109:169,109:169,private_transport,,,,,,,,,,,,,,,,,,,,,13.0,,,
40,2019-11-13,109:169,114:156,bus,,,,,,,,,,,,,,,11.0,,,,,,,,,
40,2019-11-13,109:169,122:164,private_transport,,,,,,,,,,,,,,,13.0,,,,,,,,,
40,2019-11-13,109:169,126:160,bus,,,,,,,,,,,,,,,10.0,,,,,,,,,
40,2019-11-13,109:169,131:139,private_transport,,,,,,,,,,,,,,,,,,,12.0,,,,,
40,2019-11-13,109:169,138:148,bus,,,,,,,10.0,,,,,,,,,,,,,,,,,
40,2019-11-13,109:169,138:148,private_transport,,,,,,,17.0,,,,,,,,,,,,,,,,,
40,2019-11-13,109:169,150:120,private_transport,,,,,,10.0,,,,,,,,,,,,,,,,,,
40,2019-11-13,109:169,276:144,bus,,,,,,,,,,11.0,,,,,,,12.0,,,,,,,
40,2019-11-13,109:169,276:144,private_transport,,,,,,,,,,,,,,,,,12.0,,,,,,,
40,2019-11-13,109:169,46:420,private_transport,,,,,,,10.0,,,,,,,,,,,,,,,,,
40,2019-11-13,109:169,50:412,private_transport,,,,,,,,,,,,,,,15.0,,,,,,,,,
40,2019-11-13,109:169,56:416,private_transport,,,,,,,,,,,,,,,,,,,,,,,17.0,
40,2019-11-13,109:169,61:413,private_transport,,,,,,,,32.0,,,,,,,,28.0,68.0,,,,29.0,,,
40,2019-11-13,109:169,77:312,private_transport,,12.0,,,,,,,,,,,,,,,,,,,,,,
40,2019-11-13,109:169,84:107,bus,,,,,,,11.0,,,,,,,,,,,,,,,,,
40,2019-11-13,109:169,84:107,private_transport,,,,,,,17.0,,,,,,,,,,,,,,,,,
40,2019-11-13,109:169,85:106,bus,,,,,,,17.0,,,,,,,,,,,,,,,,,
40,2019-11-13,109:169,95:112,private_transport,,,,,,,,,,,,,,,,,,,,18.0,,,,
40,2019-11-13,109:169,98:217,bus,,,,,,,,,,17.0,,,,,,,,,,,,,,
40,2019-11-13,110:168,45:319,private_transport,,23.0,,,,,,,,,,,,,,,,,,,,,,
40,2019-11-13,110:168,96:111,private_transport,,,,,,,,,,,,,,,,29.0,,,,,,,,
40,2019-11-13,110:168,110:168,bus,,,,,,,30.0,25.0,,,,41.0,10.0,,19.0,,,,,,,,,
40,2019-11-13,110:168,110:168,private_transport,,,,51.0,,,74.0,87.0,12.0,,,44.0,11.0,,72.0,,,,,,,,,
40,2019-11-13,110:168,111:167,private_transport,,,,10.0,,,,,,,,,,,,,,,,,,,,
40,2019-11-13,110:168,121:165,bus,,,,,,,,,,,,,30.0,23.0,31.0,,,,,,,13.0,,
40,2019-11-13,110:168,121:165,private_transport,,,,,,,,,,,,,66.0,17.0,39.0,,,,,,,77.0,,
40,2019-11-13,110:168,137:149,private_transport,,,,,,,,,,,,,17.0,,13.0,,,,,65.0,,16.0,,
40,2019-11-13,110:168,158:128,bus,,,,,,,,,,,,,,,,,,11.0,,,,,,
40,2019-11-13,110:168,158:128,private_transport,,,,,,,,,,,,,,,,,,34.0,,,,,,
40,2019-11-13,110:168,159:127,private_transport,,,,,,,,,,,,,,,,,,,,43.0,,,,
40,2019-11-13,110:168,58:303,bus,,,,,,,,,,,,,,,,,,,10.0,,,,,
40,2019-11-13,110:168,86:105,bus,,,,,,,,,,,,,23.0,10.0,12.0,,,,,,,15.0,,
40,2019-11-13,110:168,86:105,private_transport,,,,,,,,,,,,,29.0,,22.0,,,,,,,38.0,,
40,2019-11-13,110:168,88:103,private_transport,,,,,,,,,,,,,,,11.0,,,,,,,,,
40,2019-11-13,110:168,97:102,bus,,,,,,,,,,,,,,,20.0,,,,,,,,,
40,2019-11-13,110:168,97:102,private_transport,,,,,,,,,,,,,,,15.0,,,,,,,,,
40,2019-11-13,110:168,104:202,bus,,,,,,,,,,,,,,,11.0,,,,,,,,,
40,2019-11-13,110:168,104:202,private_transport,,,,46.0,,,,,,,,,,,30.0,,,,,,,,,
40,2019-11-13,110:168,140:146,bus,,,,,,,,,,,,,,,,,15.0,,,,,,,
40,2019-11-13,110:168,140:146,private_transport,,,,,,,,,,,,,,,,,23.0,,,,,,,
40,2019-11-13,110:168,141:145,bus,,,,,,,,,,,,,,,,,25.0,,,,,,,
40,2019-11-13,110:168,141:145,private_transport,,,,,,,,,,,,,,,,,10.0,,,,,,,
40,2019-11-13,110:168,147:123,bus,,,,,,,,,,,,,,,10.0,,,,,,,,,
40,2019-11-13,110:168,160:110,private_transport,,,,,,,,,,,,,,,,21.0,,,,,,,,
40,2019-11-13,110:168,103:203,bus,,,,,,,,,,,,,,,,,,,19.0,,,,23.0,
40,2019-11-13,110:168,103:203,private_transport,,,,,,,,,,,,,,,,,,,49.0,,,,23.0,
40,2019-11-13,110:168,109:169,bus,,,,,,,,,,,,,11.0,,,,,,,,,,,
40,2019-11-13,110:168,109:169,private_transport,,,,,,,,18.0,,,,,,,,,,,,,,,,
40,2019-11-13,110:168,122:164,bus,,,,,,,,,,,,,,,43.0,,,,,,,,,
40,2019-11-13,110:168,122:164,private_transport,,,,,,,,,,,,,,,22.0,,,,,,,,,
40,2019-11-13,110:168,126:160,private_transport,,,,,,,,,,,,,,,,10.0,,,,,,,,
40,2019-11-13,110:168,131:139,bus,,,,,,,,,,,,,,,,,,,19.0,,,,,
40,2019-11-13,110:168,131:139,private_transport,,,,,,,,,,,,,,,,,,,23.0,25.0,,,,
40,2019-11-13,110:168,138:148,bus,,,,,,,,,,,,,,,,,,,,,,,36.0,
40,2019-11-13,110:168,138:148,private_transport,,,,,,,,,,,,,,,,,,,,,,,47.0,
40,2019-11-13,110:168,50:412,private_transport,,,,,,,,,,,,,,,,15.0,,,,,,,,
40,2019-11-13,110:168,61:413,private_transport,,,,,,,,,,,,,,,,104.0,16.0,,,,165.0,,,
40,2019-11-13,110:168,84:107,bus,,,,,,,,,,,,,13.0,20.0,,,,13.0,,,,15.0,,
40,2019-11-13,110:168,84:107,private_transport,,,,,,,,,,,,,24.0,16.0,10.0,,,27.0,,,,40.0,,
40,2019-11-13,110:168,85:106,bus,,,,,,,,,,,,,,,30.0,,,10.0,,,,,,
40,2019-11-13,110:168,85:106,private_transport,,,,,,,11.0,,,,,,,,42.0,,,37.0,,,,,,
40,2019-11-13,110:168,95:112,private_transport,,,,,,,,,,,,,,,,,,,,94.0,,,,
40,2019-11-13,110:168,98:217,bus,,,,,,,16.0,,,,,10.0,,,,,,,,,,,,
40,2019-11-13,110:168,98:217,private_transport,,,,,,,23.0,,,,,16.0,,,,,,,,,,,,
40,2019-11-13,110:168,108:170,bus,,,,,,,,,,,,,,,,13.0,,,,,,,,
40,2019-11-13,110:168,108:170,private_transport,,,,,,,,,,,,,,,,12.0,,,,,,,,
40,2019-11-13,110:168,113:157,private_transport,,,,,,,,,,,,,,,,,,,,49.0,,,,
40,2019-11-13,110:168,123:163,private_transport,,,,,,,,,,,,,,,14.0,,,,,,,,,
40,2019-11-13,110:168,124:162,private_transport,,,,,,,,,,,,,,,,,,,,40.0,,,,
40,2019-11-13,110:168,127:159,bus,,,,,,,,,,,,,,,18.0,,,,,,,,,
40,2019-11-13,110:168,132:138,private_transport,,,,,,,,,,,,,,,,,,,,23.0,,,,
40,2019-11-13,110:168,145:125,bus,,,,,,,,,,,,,,,,,10.0,,,,,,,
40,2019-11-13,110:168,90:117,bus,,,,,,,,,,,,,,,35.0,,,,,,,,,
40,2019-11-13,110:168,90:117,private_transport,,,,,,,,,,,,,,,70.0,,,,,,,,,
40,2019-11-13,110:168,93:114,bus,,,,,,,,,,,,,,,20.0,,,,,,,,,
40,2019-11-13,111:167,45:319,private_transport,,,,,,,,,,,,,,,,,,,30.0,,,,,
40,2019-11-13,111:167,110:168,bus,,,,,,,,,10.0,,,,,22.0,,,,,,,,,,
40,2019-11-13,111:167,110:168,private_transport,,,,17.0,,,,,29.0,,,,,13.0,25.0,,,,,,,,,
40,2019-11-13,111:167,111:167,bus,,,,,,,,10.0,,,,,,,,,,,,,,,,
40,2019-11-13,111:167,111:167,private_transport,,,,,,,,,,,,,,,18.0,,,,,,,,,
40,2019-11-13,111:167,121:165,private_transport,,,,,,,,,,,,,,,,,,,23.0,,,,,
40,2019-11-13,111:167,137:149,private_transport,,,,,,,,,,,,,,,,,,,12.0,,,,,
40,2019-11-13,111:167,97:102,bus,,,,,,,,,,,,,,20.0,,,,,,,,,,
40,2019-11-13,111:167,97:102,private_transport,,,,,,,,,,,,,,13.0,22.0,,,,,,,,,
40,2019-11-13,111:167,104:202,bus,,,,,,,,,,,,,,,17.0,,,,,,,,,
40,2019-11-13,111:167,104:202,private_transport,,,,,,,,,,,,,,,27.0,,,,,,,,,
40,2019-11-13,111:167,139:147,private_transport,,,,31.0,,,,,,,,,,,,,,,,,,,,
40,2019-11-13,111:167,140:146,private_transport,,,,74.0,,,,,,,,,,,,,12.0,,,,,,,
40,2019-11-13,111:167,141:145,bus,,,,,,,,,,,,,,,,16.0,,,,,,,,
40,2019-11-13,111:167,141:145,private_transport,,,,91.0,,,,,,,,,,,,,,,,,,,,
40,2019-11-13,111:167,147:123,private_transport,,,,,,,,,,,,,,,10.0,,,,,,,,,
40,2019-11-13,111:167,122:164,private_transport,,,,,,,,,14.0,,,,,,,,,,,,,,,
40,2019-11-13,111:167,126:160,private_transport,,,,,,,,,,,,,,,11.0,,,,,,,,,
40,2019-11-13,111:167,150:120,bus,,,,,,,,,,,,,,11.0,,,,,,,,,,
40,2019-11-13,111:167,150:120,private_transport,,,,,,,10.0,,,,,,,,,,,,,,,,,
40,2019-11-13,111:167,98:217,bus,,,,,,,,,,,,,,,,,,,,,20.0,,,
40,2019-11-13,111:167,98:217,private_transport,,,,,,,,,,,,,,,,,,,,,16.0,,,
40,2019-11-13,111:167,127:159,bus,,,,,,,,,15.0,,,,,,,,,,,,,,,
40,2019-11-13,111:167,145:125,bus,,,,,,,,,,,,,,,,114.0,,,,,,,,
40,2019-11-13,111:167,145:125,private_transport,,,,,,,,,,,,,,,,29.0,,,,,,,,
40,2019-11-13,111:167,118:152,private_transport,,,,11.0,,,,,,,,,,,,,,,,,,,,
40,2019-11-13,111:167,134:136,bus,,,,,,,,,,,,,,,,11.0,,,,,,,,
40,2019-11-13,111:167,134:136,private_transport,,,,13.0,,,,,,,,,,,,,,,,,,,,
40,2019-11-13,111:167,148:122,bus,,,,,,,,14.0,,,,,,,,,,,,,,,,
40,2019-11-13,111:167,155:131,bus,,,,,,,,,,,,,,,,32.0,,,,,,,,
40,2019-11-13,111:167,155:131,private_transport,,,,,,,,,,,,,,,,17.0,,,,,,,,
40,2019-11-13,111:167,157:129,private_transport,,,,,,,,,,,,,,,,,,,,26.0,,,,
40,2019-11-13,111:167,76:314,private_transport,,,,,,,,,,,,15.0,,,,,,,,,,,,
40,2019-11-13,111:167,94:113,private_transport,,,,,,,11.0,,,,,,,,,,,,,,,,,
40,2019-11-13,112:158,141:145,bus,,,,,,,,,,,,,,,24.0,,,,,,,,,
40,2019-11-13,112:158,141:145,private_transport,,,,,,,,,,,,,,,12.0,,,,,,,,,
40,2019-11-13,112:158,107:207,bus,,,,,,,,,,,,,,,,,,,,,,15.0,,
40,2019-11-13,112:158,106:208,bus,,,,,,,,,,,,,,,,,,,,,,10.0,,
40,2019-11-13,112:158,106:208,private_transport,,,,,,,,,,,,,,,,,,,,,,12.0,,
40,2019-11-13,112:158,112:158,bus,,,,,,,,,,,,,,,,,,,,,,20.0,,
40,2019-11-13,113:157,97:102,private_transport,,,,,,,,12.0,,,,,,,,,,,,,,,,
40,2019-11-13,113:157,150:120,bus,,,,,,,,11.0,,,,,,,,,,,,,,,,
40,2019-11-13,113:157,95:112,bus,,,,,,,,,,,,21.0,,,,,,,,,,,,
40,2019-11-13,113:157,132:138,bus,,,,,,,,,,,,11.0,,,,,,,,,,,,
40,2019-11-13,115:155,110:168,private_transport,12.0,,,,,,,,,,,,,,,,,,,,,,,
40,2019-11-13,115:155,50:412,private_transport,,,,,,,10.0,,,,,,,,,,,,,,,,,
40,2019-11-13,115:155,148:122,bus,,,,,,,,,,,,,,,,,,,,,10.0,,,
40,2019-11-13,116:154,110:168,private_transport,12.0,,,,,,,,,,,,,,,,,,,,,,,
40,2019-11-13,116:154,86:105,private_transport,,,,,,,,,,,,,,16.0,,,,,,,,,,
40,2019-11-13,116:154,85:106,private_transport,,,,,,,,,,,,,,10.0,,,,,,,,,,
40,2019-11-13,116:154,148:122,private_transport,,,,,,,,,,,,,,,,,,,,,10.0,,,
40,2019-11-13,116:154,119:151,bus,,,,,,,,,,,,,,,,14.0,,,,,,,,
40,2019-11-13,116:154,136:150,bus,,,,,,,,,,,,,,,,14.0,,,,,,,,
40,2019-11-13,117:153,140:146,bus,,,,,,,,,,,10.0,,,,,,,,,,,,,
40,2019-11-13,117:153,126:160,bus,,,,,,,,,10.0,,,,,,,,,,,,,,,
40,2019-11-13,117:153,148:122,bus,,,,,,,,,,,,,,,,,,,,,11.0,,,
40,2019-11-13,117:153,148:122,private_transport,,,,,,,,,,,,,,,,,,,,,10.0,,,
40,2019-11-13,118:152,111:167,bus,,,,,,,,,,,,,,,,,,,,,11.0,,,
40,2019-11-13,118:152,111:167,private_transport,,,,,,,,,,,,,,,,,,,,,11.0,,,
40,2019-11-13,118:152,97:102,private_transport,,,,,,,,,10.0,,,,,,,,,,,,,,,
40,2019-11-13,118:152,140:146,bus,,,,,,,,,,,,,,,,11.0,,,,,,,,
40,2019-11-13,118:152,140:146,private_transport,,,,,,,,,,,,,,,,10.0,,,,,,,,
40,2019-11-13,118:152,141:145,private_transport,,,,,,,,,15.0,,,,,,,20.0,,,,,,,,
40,2019-11-13,118:152,150:120,private_transport,,,,,,,,,,,,,,,12.0,,,,,,,,,
40,2019-11-13,118:152,127:159,bus,,,,,,,,,10.0,,,,,,,,,,,,,,,
40,2019-11-13,118:152,127:159,private_transport,,,,,,,,,22.0,,,,,,,,,,,,,,,
40,2019-11-13,118:152,148:122,bus,,,,,,,,,,,,,,,,,,,,,20.0,,,
40,2019-11-13,118:152,148:122,private_transport,,,,,,,,,,,,,,,,,,,,,10.0,,,
40,2019-11-13,118:152,119:151,bus,,,,,,,,,,,27.0,,,,,,,,,,,,,
40,2019-11-13,119:151,97:102,private_transport,,,,,,,,,10.0,,,,,,,,,,,,,,,
40,2019-11-13,119:151,140:146,bus,,,,,,,,,,,14.0,,,,,18.0,,,,,,,,
40,2019-11-13,119:151,140:146,private_transport,,,,,,,,,14.0,,,,,,,,,,,,,,,
40,2019-11-13,119:151,141:145,bus,,,,,,,,,13.0,,,,,,,13.0,,,,,,,,
40,2019-11-13,119:151,141:145,private_transport,,,,,,,,,11.0,,,,,,,12.0,,,,,,,,
40,2019-11-13,119:151,127:159,private_transport,,,,,,,,,22.0,,,,,,,,,,,,,,,
40,2019-11-13,119:151,118:152,bus,,,,,,,,,,,23.0,,,,,,,,,,,,,
40,2019-11-13,119:151,134:136,private_transport,,,,,,,,,11.0,,,,,,,,,,,,,,,
40,2019-11-13,119:151,119:151,bus,,,,,,,,,,,30.0,,,,,,,,,,,,,
40,2019-11-13,119:151,119:151,private_transport,,,,,,,,,,,12.0,,,,,,,,,,,,,
40,2019-11-13,119:151,136:150,bus,,,,,,,,,,,13.0,,,,,,,,,,,,,
40,2019-11-13,119:151,117:153,bus,,,,,,,,,,,10.0,,,,,,,,,,,,,
40,2019-11-13,119:151,152:134,private_transport,,,,,,,,,15.0,,,,,,,,,,,,,,,
40,2019-11-13,121:165,45:319,bus,,,,,,,,70.0,,,,,,,,,,,23.0,,,,,
40,2019-11-13,121:165,45:319,private_transport,,,,,,,,49.0,,,,,,,,,,,37.0,,,,,
40,2019-11-13,121:165,110:168,bus,,,,,,,,26.0,42.0,,,28.0,,,,,,,,,,,,
40,2019-11-13,121:165,110:168,private_transport,,,,,,,,21.0,18.0,,,21.0,,,,,,,,,,,,
40,2019-11-13,121:165,111:167,bus,,,,,,,,,,,,17.0,,,,,17.0,,,,,,,
40,2019-11-13,121:165,111:167,private_transport,,,,,,,,,,,,12.0,,,25.0,,,,,,,,,
40,2019-11-13,121:165,121:165,bus,,,,,,,,27.0,,43.0,40.0,,,,,,33.0,,,48.0,,18.0,14.0,
40,2019-11-13,121:165,121:165,private_transport,,,,,,,,,,12.0,36.0,,,,,,24.0,,,14.0,,19.0,23.0,
40,2019-11-13,121:165,137:149,bus,,,,,,,,,,,12.0,,,,,,,,,,,,,
40,2019-11-13,121:165,137:149,private_transport,,,,,,,,,,12.0,17.0,,,,,,,,,11.0,,,11.0,
40,2019-11-13,121:165,144:126,bus,,,,,,,,,,,,,,,,,,16.0,,,,,,
40,2019-11-13,121:165,144:126,private_transport,,,,,,,,,,,10.0,,,,,,,,,,,,,
40,2019-11-13,121:165,158:128,bus,,,,,,,,,,44.0,,13.0,,,,,13.0,,,,,,,
40,2019-11-13,121:165,158:128,private_transport,,,,,,,,,,47.0,,29.0,,,,,,,,,,,,
40,2019-11-13,121:165,159:127,bus,,,,,,,,,,,19.0,,,,,,,30.0,,,,,,
40,2019-11-13,121:165,159:127,private_transport,,,,,,,,,,,67.0,,,,,,,28.0,,,,,,
40,2019-11-13,121:165,58:303,private_transport,,,,,,,,,,,,,,,,14.0,,,,,,,,
40,2019-11-13,121:165,86:105,bus,,,,,,,,24.0,,18.0,27.0,,,,,,,,,23.0,,18.0,13.0,
40,2019-11-13,121:165,86:105,private_transport,,,,,,,,11.0,,13.0,17.0,,,,,,,,,,,,11.0,
40,2019-11-13,121:165,97:102,bus,,,,,,,,,46.0,13.0,,,53.0,39.0,,,,21.0,,,,,,
40,2019-11-13,121:165,97:102,private_transport,,,,,,,,,49.0,12.0,,,31.0,31.0,,,,,,,,,,
40,2019-11-13,121:165,104:202,bus,,,,,,,,20.0,,,,12.0,,,,,,,,,,,,
40,2019-11-13,121:165,104:202,private_transport,,,,,,,,,,,,,,,30.0,,,,,,,,,
40,2019-11-13,121:165,103:203,bus,,,,,,,,11.0,,,,,,,,,,,,,,,,
40,2019-11-13,121:165,109:169,private_transport,,,,,,,,,10.0,,,,,,,,,,,,,,,
40,2019-11-13,121:165,122:164,private_transport,,,,,,,,,,,,,,10.0,,,,,,,,,,
40,2019-11-13,121:165,126:160,bus,,,,,,,,,,,,,21.0,12.0,,,,,,,,,,
40,2019-11-13,121:165,126:160,private_transport,,,,,,,,,17.0,,,,,,,,,,,,,,,
40,2019-11-13,121:165,138:148,private_transport,,,,,,,,,,,,,,,10.0,,,,,,,,,
40,2019-11-13,121:165,150:120,bus,,,,,,,,,,,,,,28.0,,,,28.0,,,,,,
40,2019-11-13,121:165,150:120,private_transport,,,,,,,,,,,,,,18.0,,,,,,,,,,
40,2019-11-13,121:165,77:312,bus,,,,,,,,10.0,,,,,,,,,,,,,,,,
40,2019-11-13,121:165,84:107,bus,,,,,,,,19.0,,13.0,14.0,10.0,,,,,12.0,,,21.0,,11.0,,
40,2019-11-13,121:165,84:107,private_transport,,,,,,,,,,,16.0,34.0,,,,,,,,,,14.0,14.0,
40,2019-11-13,121:165,85:106,bus,,,,,,,,,,,,15.0,,,,,,,,,,,,
40,2019-11-13,121:165,85:106,private_transport,,,,,,,,,,,,26.0,,,,,,,,,,,,
40,2019-11-13,121:165,127:159,bus,,,,,,,,,,,,,12.0,,,,,,,,,,,
40,2019-11-13,121:165,127:159,private_transport,,,,,,,,,,,,,11.0,,,,,,,,,,,
40,2019-11-13,121:165,157:129,bus,,,,,,,,,,,,,,,,,14.0,,,,,,,
40,2019-11-13,121:165,157:129,private_transport,,,,,,,,,,,,,,,,,23.0,,,,,,,
40,2019-11-13,121:165,152:134,bus,,,,,,,,,,,,,,10.0,,,,,,,,,,
40,2019-11-13,121:165,152:134,private_transport,,,,,,,,,,,,,,17.0,,,,,,,,,,
40,2019-11-13,121:165,153:133,bus,,,,,,,,,,,,,,18.0,,,,,,,,,,
40,2019-11-13,122:164,64:306,private_transport,,,,,,,,,,,,,,,,,20.0,,,,,,,
40,2019-11-13,122:164,45:319,private_transport,,,,,,,,,,,,,,,,,15.0,,,,,,,
40,2019-11-13,122:164,110:168,bus,,,,,,,,,,,,,,33.0,,,,27.0,,,,,,
40,2019-11-13,122:164,110:168,private_transport,,,,,,,,,,,,,,31.0,,,,13.0,,,,,,
40,2019-11-13,122:164,97:102,bus,,,,,43.0,,,,,,,,,30.0,,,,,,,,,,
40,2019-11-13,122:164,97:102,private_transport,,,,,36.0,,,,,,,,,31.0,,,,,,,,,,
40,2019-11-13,122:164,104:202,bus,,,,,,,,,,,,,,,,,,16.0,,,,,,
40,2019-11-13,122:164,104:202,private_transport,,,,,,,,,,10.0,,,,,,,,12.0,,,,,,
40,2019-11-13,122:164,139:147,private_transport,,,,,,,,,,,,,,14.0,,,,,,,,,,
40,2019-11-13,122:164,140:146,bus,,,,,,,,,,,,,,12.0,,,,,,,,,,
40,2019-11-13,122:164,140:146,private_transport,,,,,,,,,,,,12.0,,17.0,,,,,,,,,,
40,2019-11-13,122:164,141:145,private_transport,,,,,,,,,,,,,,26.0,,,,,,,,,,
40,2019-11-13,122:164,147:123,private_transport,,,,,,,,,,,,,,,,,,10.0,,,,,,
40,2019-11-13,122:164,149:121,bus,,,,,,,,,,,,,,15.0,,,,,,,,,,
40,2019-11-13,122:164,122:164,private_transport,,,,,,10.0,,,,,,,,,,,,,,,,,,
40,2019-11-13,122:164,126:160,bus,,,,,12.0,,,,,,,,,,,,,,,,,,,
40,2019-11-13,122:164,150:120,bus,,,,,,,,,13.0,,,,,,,,,,,,,,,
40,2019-11-13,122:164,150:120,private_transport,,,,,,,,,15.0,,,,,,,,,,,,,,,
40,2019-11-13,122:164,46:420,private_transport,,,,,,,13.0,,,,,,,,,,,,,,,,,
40,2019-11-13,122:164,50:412,private_transport,,,,,,,,,62.0,,,,,,,,,,,,,,,
40,2019-11-13,122:164,56:416,private_transport,,,,,,,,,,,,,,,,,,,,,,,36.0,
40,2019-11-13,122:164,61:413,private_transport,,,,,,,,,,,,,,,,36.0,,,,,,24.0,,
40,2019-11-13,122:164,84:107,bus,,,,,,,,10.0,,,,,,,,,,,,,,,,
40,2019-11-13,122:164,84:107,private_transport,,,,,,,,10.0,,,,,,,,,,,,,,,,
40,2019-11-13,122:164,123:163,bus,,,,,,10.0,,,,12.0,,,,,,,,,,,,,,
40,2019-11-13,122:164,123:163,private_transport,,,,,,11.0,,,,,,,,,,,,,,,,,,
40,2019-11-13,122:164,127:159,bus,,,,,,,,,,12.0,,,,,,,,,,,,,,
40,2019-11-13,122:164,118:152,private_transport,,,,,,,,,,,,,,10.0,,,,,,,,,,
40,2019-11-13,122:164,134:136,bus,,,,,,,,,,,,,,11.0,,,,,,,,,,
40,2019-11-13,122:164,134:136,private_transport,,,,,,,,,,,,,,11.0,,,,,,,,,,
40,2019-11-13,122:164,152:134,private_transport,,,,,,10.0,,,,,,,,,,,,,,,,,,
40,2019-11-13,122:164,120:166,bus,,,,,,,,,,,,,,,,,,,14.0,,,,,
40,2019-11-13,122:164,120:166,private_transport,,,,,,,,,,,,,,,,,,,11.0,,,,,
40,2019-11-13,122:164,48:301,private_transport,,,,,,,,,,,,,,23.0,,,,,13.0,,,39.0,,
40,2019-11-13,122:164,54:419,private_transport,,,,,,,26.0,,,,,,,,,,,,,,,,,
40,2019-11-13,122:164,87:104,bus,,,,,,,,,,,,,,16.0,,,,,,,,,,
40,2019-11-13,122:164,87:104,private_transport,,,,,,,,,,,,,,27.0,,,,,,,,,,
40,2019-11-13,122:164,91:116,bus,,,,,,,,,,,,,,12.0,,,,,,,,,,
40,2019-11-13,123:163,45:319,private_transport,,10.0,,,,,,,,,,,,,,,,,,,,,,
40,2019-11-13,123:163,110:168,bus,,,,,,,,,,,,,,,,,,13.0,,,,,,
40,2019-11-13,123:163,58:303,bus,,,,,,,,,,,,,,,,,,,12.0,,,,,
40,2019-11-13,123:163,97:102,bus,,,,,15.0,,,,,,,,,,,,,,,,,,,
40,2019-11-13,123:163,97:102,private_transport,,,,,16.0,,,,11.0,,,,,,,,,,,,,,,
40,2019-11-13,123:163,140:146,private_transport,,,,,,,,,,,,,,11.0,,,,,,,,,,
40,2019-11-13,123:163,103:203,bus,,,,,,,,,,,,,,,,,,,19.0,,,,,
40,2019-11-13,123:163,150:120,bus,,,,,,,,,13.0,,,,,,,,,,,,,,,
40,2019-11-13,123:163,50:412,private_transport,,,,,,,,,,,,,,,40.0,,,,,,,,,
40,2019-11-13,123:163,56:416,private_transport,,,,,,,,,,,,,,,,,,,,,,,20.0,
40,2019-11-13,123:163,61:413,bus,,,,,,,,,,,,,,,,,,19.0,,,,,,
40,2019-11-13,123:163,61:413,private_transport,,,,,,,,,,,,,,,,20.0,,15.0,,,,11.0,,
40,2019-11-13,123:163,48:301,private_transport,,,,,,,,,,,,,,,,,,,,,,15.0,,
40,2019-11-13,123:163,54:419,private_transport,,,,,,,15.0,,,,,,,,,,,,,,,,,
40,2019-11-13,124:162,110:168,bus,,,,,,,,36.0,,,,,,,,,,,,,,,,
40,2019-11-13,124:162,109:169,bus,,,,,,,,13.0,,,,,,,,,,,,,,,,
40,2019-11-13,124:162,84:107,private_transport,,,,,,,,,,10.0,,,,,,,,,,,,,,
40,2019-11-13,124:162,113:157,private_transport,,,,,,,,,,,,,,,,13.0,,,,,,,,
40,2019-11-13,124:162,91:116,bus,,,,,,,,,,,,,,,,,,10.0,,,,,,
40,2019-11-13,124:162,156:130,bus,,,,,,,,,,,,,,,,,,16.0,,,,,,
40,2019-11-13,124:162,156:130,private_transport,,,,,,,,,,,,,,,,,,17.0,,,,,,
40,2019-11-13,126:160,110:168,private_transport,,,,,,,,,,28.0,,,,,,,,,,,,,,
40,2019-11-13,126:160,121:165,bus,,,,,,,,,,,,,,,,,11.0,,,,,,,
40,2019-11-13,126:160,121:165,private_transport,,,,,,,,,,,,,,,,,,13.0,,,,,,
40,2019-11-13,126:160,158:128,bus,,,,,,22.0,,,65.0,,,,,,,,,,,,,,,
40,2019-11-13,126:160,158:128,private_transport,,,,,,23.0,,,34.0,,,,,,,,,,,,,,,
40,2019-11-13,126:160,88:103,bus,,,,,,,,,,,,,,14.0,,,,,,,,,,
40,2019-11-13,126:160,88:103,private_transport,,,,,,,,,,,,,,10.0,,,,,,,,,,
40,2019-11-13,126:160,97:102,bus,,,,,,,,,13.0,,18.0,,,,29.0,,,,,11.0,,,,
40,2019-11-13,126:160,97:102,private_transport,,,,,,,,,,,,,,,29.0,,20.0,,,23.0,,,,
40,2019-11-13,126:160,149:121,bus,,,,,,,,,,,14.0,,,,,,,,,,,,,
40,2019-11-13,126:160,149:121,private_transport,,,,,,,,,,,37.0,,,,,,,,,,,,,
40,2019-11-13,126:160,160:110,private_transport,10.0,,,,,,,,,,,,,,,,,,,,,,,
40,2019-11-13,126:160,122:164,bus,,,,,,,,,,,11.0,,,,,24.0,,,,,,,,
40,2019-11-13,126:160,122:164,private_transport,,,,,,,,,,,27.0,,,,,,,,,,,,,
40,2019-11-13,126:160,126:160,private_transport,,,,,,,,,,,,,,,,,,11.0,,,,,,
40,2019-11-13,126:160,150:120,private_transport,,,,,,,,,,,22.0,,,,,,,,,,,,,
40,2019-11-13,126:160,61:413,private_transport,,,,,,,,,,,,,,67.0,,,,,,,,,,
40,2019-11-13,126:160,84:107,bus,,,,,,26.0,,,,,,,,,,,12.0,,,,,,,
40,2019-11-13,126:160,84:107,private_transport,,,,,,19.0,,,,,,,,,,,,10.0,,,,,,
40,2019-11-13,126:160,85:106,bus,,,,,,10.0,,,16.0,,,,,15.0,,,,,,,,,,
40,2019-11-13,126:160,85:106,private_transport,,,,,,16.0,,,19.0,,,,,13.0,,,,,,,,,,
40,2019-11-13,126:160,127:159,bus,,,,,,,,,,,,,,,,12.0,,,,,,,,
40,2019-11-13,126:160,127:159,private_transport,,,,,,,,,,,,,,,,10.0,,,,,,,,
40,2019-11-13,126:160,90:117,bus,,,,,,,,,44.0,,,,,,,,,,,,,,,
40,2019-11-13,126:160,90:117,private_transport,,,,,,,,,28.0,,,,,,,,,,,,,,,
40,2019-11-13,126:160,155:131,bus,,,,,,,,,12.0,,,,,,,,,,,,,,,
40,2019-11-13,126:160,87:104,bus,,,,,,,,,10.0,,,,,,,,,,,,,,,
40,2019-11-13,126:160,91:116,private_transport,,,,,,,,,11.0,,,,,,,,,,,,,,,
40,2019-11-13,126:160,156:130,bus,,,,,,,,,14.0,,,,,,,,,,,,,,,
40,2019-11-13,126:160,156:130,private_transport,,,,,,,,,,,,,,11.0,,,,,,,,,,
40,2019-11-13,127:159,110:168,bus,,,,,,,,,,,,,,28.0,,,,11.0,,,,,,
40,2019-11-13,127:159,110:168,private_transport,,,,,,,,,,,,,,23.0,,,,,,,,,,
40,2019-11-13,127:159,144:126,private_transport,,,,,,,,,,,,,,11.0,,,,,,,,,,
40,2019-11-13,127:159,158:128,bus,,,,,,,,,,,,,,12.0,,,,,,,,,,
40,2019-11-13,127:159,88:103,bus,,,,,,,,,,,,,,29.0,,,,,,,,,,
40,2019-11-13,127:159,97:102,bus,,,,,25.0,,,,,11.0,,,,31.0,22.0,26.0,,,,,,,,
40,2019-11-13,127:159,97:102,private_transport,,,,,27.0,,,,,13.0,12.0,,,,35.0,11.0,,,,,,,,
40,2019-11-13,127:159,139:147,bus,,,,,,,,,,,,,,12.0,,,,,,,,,,
40,2019-11-13,127:159,140:146,private_transport,,,,,,,,,,,,,,14.0,,,,,,,,,,
40,2019-11-13,127:159,141:145,private_transport,,,,,,,,,,,,,,14.0,,,,,,,,,,
40,2019-11-13,127:159,122:164,bus,,,,,,,,,,18.0,,,,,,30.0,,,,,,,,
40,2019-11-13,127:159,122:164,private_transport,,,,,,,,,,,,,,,,15.0,,,,,,,,
40,2019-11-13,127:159,50:412,private_transport,,,,,,,,,41.0,,,,,,,,,,,,,,,
40,2019-11-13,127:159,61:413,private_transport,,,,,,,,,,,,,,87.0,,,,,,,,10.0,,
40,2019-11-13,127:159,85:106,bus,,,,,,,,,,,,,,28.0,,,,,,,,,,
40,2019-11-13,127:159,85:106,private_transport,,,,,,,,,,,,,,16.0,,,,,,,,,,
40,2019-11-13,127:159,123:163,private_transport,,,,,,,,,,,,,,,,11.0,,,,,,,,
40,2019-11-13,127:159,127:159,bus,,,,,,,,,,,,,,,,22.0,,,,,,,,
40,2019-11-13,127:159,127:159,private_transport,,,,,,,,,,,,,,,,13.0,,,,,,,,
40,2019-11-13,127:159,93:114,bus,,,,,,,,,,,,,,,,12.0,,,,,,,,
40,2019-11-13,127:159,48:301,private_transport,,,,,,,,,,,,,,,,,,,,,,32.0,,
40,2019-11-13,127:159,87:104,private_transport,,,,,,,,,,,,,,21.0,,,,,,,,,,
40,2019-11-13,127:159,91:116,private_transport,,,,,,,,,,,,,,10.0,,,,,,,,,,
40,2019-11-13,128:142,64:306,private_transport,,,,,,,,,,17.0,,,,,,,,,,,,,,
40,2019-11-13,128:142,110:168,bus,,,,,,,12.0,,,,,,,,,,,,,,,,,
40,2019-11-13,128:142,110:168,private_transport,,,,,,,24.0,,,,,,,,,,,,,,,,,
40,2019-11-13,128:142,109:169,private_transport,,,,,,,,,,,,,,,,,,,,,11.0,,,
40,2019-11-13,128:142,61:413,private_transport,,,,,,,,16.0,,,,,,,,,,,,,,,,
40,2019-11-13,129:141,45:319,bus,,,,,,,,,61.0,,,,,,,,,,,,,,,
40,2019-11-13,129:141,45:319,private_transport,,,,,,,,,82.0,,,,,,,,,,,,,,,
40,2019-11-13,131:139,121:165,bus,,,,,,,,,,10.0,,,,,,,,,,,,,,
40,2019-11-13,131:139,121:165,private_transport,,,,,,,,,,12.0,,,,,,,,,,,,,,
40,2019-11-13,131:139,86:105,private_transport,,,,,,,,,,11.0,,,,,,,,,,,,,,
40,2019-11-13,131:139,150:120,bus,,,,,,,,11.0,,,,,,,,,,,,,,,,
40,2019-11-13,131:139,84:107,bus,,,,,,,,,,12.0,,,,,,,,,,,,,,
40,2019-11-13,132:138,150:120,bus,,,,,,,,13.0,,,,,,,,,,,,,,,,
40,2019-11-13,132:138,150:120,private_transport,,,,,,,,10.0,,,,,,,,,,,,,,,,
40,2019-11-13,132:138,95:112,bus,,,,,,,,,,,,16.0,,,,,,,,,,,,
40,2019-11-13,133:137,136:150,bus,,,,,,,,,,,,,,,,10.0,,,,,,,,
40,2019-11-13,134:136,110:168,private_transport,32.0,,,,,,,,,,,,,,,,,,,,,,,
40,2019-11-13,134:136,58:303,bus,,,,,,,,,,,,,,12.0,,,,,,,,,,
40,2019-11-13,134:136,86:105,bus,,,,,,,,,,,,,,12.0,,,,,,,,,,
40,2019-11-13,134:136,86:105,private_transport,,,,,,,,,,,,,,14.0,,,,,,,,,,
40,2019-11-13,134:136,134:136,private_transport,,,,,,,,,,,,,,,12.0,,,,,,,,,
40,2019-11-13,134:136,148:122,private_transport,,,,,,,,,,,,,,,,,,10.0,,,,,,
40,2019-11-13,134:136,155:131,bus,,,,,,,,,,,,,,,11.0,,,,,,,,,
40,2019-11-13,134:136,155:131,private_transport,,,,,,,,,,,,,,,13.0,,,,,,,,,
40,2019-11-13,134:136,87:104,private_transport,,,,,,,,,,,,,,11.0,,,,,,,,,,
40,2019-11-13,134:136,9:509,private_transport,,,,,,,,,,,,,15.0,,,,,,,,,,,
40,2019-11-13,135:135,110:168,private_transport,61.0,,,,,,,,,,,,,,,,,,,,,,,
40,2019-11-13,135:135,111:167,private_transport,22.0,,,,,,,,,,,,,,,,,,,,,,,
40,2019-11-13,135:135,86:105,bus,,,,,,,,,,,,,,11.0,,,,,,,,,,
40,2019-11-13,135:135,86:105,private_transport,,,,,,,,,,,,,,33.0,,,,,,,,,,
40,2019-11-13,135:135,104:202,private_transport,43.0,,,,,,,,,,,,,,,,,,,,,,,
40,2019-11-13,135:135,140:146,bus,,,,,,,,,,,,,,,,18.0,,,,,,,,
40,2019-11-13,135:135,147:123,private_transport,15.0,,,,,,,,,,,,,,,,,,,,,,,
40,2019-11-13,135:135,85:106,private_transport,,,,,,,,,,,,,,13.0,,,,,,,,,,
40,2019-11-13,135:135,118:152,bus,,,,,,,,,,,,,,,,26.0,,,,,,,,
40,2019-11-13,135:135,118:152,private_transport,,,,,,,,,,,,,,,,16.0,,,,,,,,
40,2019-11-13,135:135,134:136,bus,,,,,,,,,,,,,,,14.0,,,,,,,,,
40,2019-11-13,135:135,134:136,private_transport,,,,,,,,,,,,,,,16.0,,,,,,,,,
40,2019-11-13,135:135,155:131,bus,,,,,,,,,,,,,,,29.0,,,,,,,,,
40,2019-11-13,135:135,155:131,private_transport,,,,,,,,,,,,,,,11.0,,,,,,,,,
40,2019-11-13,135:135,119:151,bus,,,,,,,,,,,,,,,,30.0,,,,,,,,
40,2019-11-13,135:135,136:150,bus,,,,,,,,,,,,,,,,16.0,,,,,,,,
40,2019-11-13,135:135,87:104,bus,,,,,,,,,,,,,,20.0,,,,,,,,,,
40,2019-11-13,135:135,87:104,private_transport,,,,,,,,,,,,,,29.0,,,,,,,,,,
40,2019-11-13,135:135,156:130,bus,,,,,,,,,,,,,,,11.0,,,,,,,,,
40,2019-11-13,136:150,140:146,bus,,,,,,,,,10.0,,,,,,,10.0,,,,,,,,
40,2019-11-13,136:150,140:146,private_transport,,,,,,,,,,,,,,,,13.0,,,,,,,,
40,2019-11-13,136:150,141:145,private_transport,,,,,,,,,17.0,,,,,,,12.0,,,,,,,,
40,2019-11-13,136:150,127:159,private_transport,,,,,,,,,15.0,,,,,,,,,,,,,,,
40,2019-11-13,136:150,118:152,bus,,,,,,,,,,,14.0,,,,,,,,,,,,,
40,2019-11-13,136:150,119:151,bus,,,,,,,,,,,10.0,,,,,,,,,,,,,
40,2019-11-13,136:150,117:153,bus,,,,,,,,,,,12.0,,,,,,,,,,,,,
40,2019-11-13,137:149,45:319,bus,,,,,,,,,,,62.0,,,,,,,,,,,,,
40,2019-11-13,137:149,45:319,private_transport,,,,,,,,,,,83.0,,,,,13.0,,,,,,,,
40,2019-11-13,137:149,110:168,bus,,,,,,,,44.0,,,,,,,,,,,,,,,,
40,2019-11-13,137:149,110:168,private_transport,,,,,,,,36.0,,,,,,,,,,,,,,,,
40,2019-11-13,137:149,121:165,bus,,,,,,,,,,,13.0,,,,,,,,,,,,,
40,2019-11-13,137:149,121:165,private_transport,,72.0,,,,,,,,,,,,,,,,,,,,,,
40,2019-11-13,137:149,137:149,bus,,,,,,,,,,,30.0,,,,,,,,,,,,,
40,2019-11-13,137:149,137:149,private_transport,,,,,,,,,,,86.0,,,,,,,,,,,,,
40,2019-11-13,137:149,144:126,private_transport,,11.0,,,,,,,,,,,,,,,,,,,,,,
40,2019-11-13,137:149,159:127,bus,,,,,,,,,,,,,20.0,,,,,,,,,,,
40,2019-11-13,137:149,159:127,private_transport,,,,,,,,,14.0,10.0,13.0,,11.0,,,,,,,,,,,
40,2019-11-13,137:149,58:303,bus,,,,,,,,,,,,,,,,39.0,,,,,,,,
40,2019-11-13,137:149,58:303,private_transport,,,,,,,,,,,,,,,,121.0,,,,,,,,
40,2019-11-13,137:149,86:105,bus,,,,,,,,,,,10.0,,,,,,,,,,,,,
40,2019-11-13,137:149,86:105,private_transport,,42.0,,,,,,,,,,,,,,,,,,,,10.0,,
40,2019-11-13,137:149,97:102,private_transport,,,,,,,,,10.0,11.0,,,12.0,,,,,,,,,,,
40,2019-11-13,137:149,103:203,private_transport,,,,,,,,,,,15.0,,,,,,,,,,,,,
40,2019-11-13,137:149,138:148,private_transport,,,,,,,,,,,11.0,,,,,,,,,,,,,
40,2019-11-13,137:149,150:120,private_transport,,,,,,,,,,,11.0,,,,,,,,,,,,,
40,2019-11-13,137:149,50:412,private_transport,,,,,,,13.0,,,,,,,,,,,,,,,,,
40,2019-11-13,137:149,77:312,bus,,,,,,,13.0,,,,,,,,,,,,,,,,,
40,2019-11-13,137:149,77:312,private_transport,,,,,,,12.0,,,,,,,,,,,,,,,,,
40,2019-11-13,137:149,84:107,private_transport,,23.0,,,,,,,,10.0,,10.0,,,,,,,,,,,,
40,2019-11-13,137:149,95:112,private_transport,,,,,,,,,,,,,,,,19.0,,,,,,,,
40,2019-11-13,137:149,113:157,private_transport,,,,,,,,,,,,,,,,11.0,,,,,,,,
40,2019-11-13,137:149,155:131,private_transport,,,,,,,,,,,,,,,,,,10.0,,,,,,
40,2019-11-13,137:149,76:314,private_transport,,,,,,,,,,,11.0,,,,,,,,,,,,,
40,2019-11-13,137:149,117:153,private_transport,,,,,,,,,,,,,,,,10.0,,,,,,,,
40,2019-11-13,137:149,91:116,bus,,,,,,,,,,,10.0,,,,,,,11.0,,,,,,
40,2019-11-13,137:149,91:116,private_transport,,,,,,,,,,,,,,,,,,13.0,,,,,,
40,2019-11-13,137:149,156:130,bus,,,,,,,,,,,,,,,,,,17.0,,,,,,
40,2019-11-13,137:149,156:130,private_transport,,,,,,,,,,,,,,,,,,12.0,,,,,,
40,2019-11-13,137:149,154:132,private_transport,,,,,,,,,,,,,,,,,10.0,,,,,,,
40,2019-11-13,138:148,110:168,bus,,,,,,,,,,,,,33.0,,,,,,,,,,,
40,2019-11-13,138:148,110:168,private_transport,,,,,,,,,,,,,11.0,,,,,,,,,,,
40,2019-11-13,138:148,111:167,bus,,,,,,,,,,,,,10.0,,,,,,,,,,,
40,2019-11-13,138:148,111:167,private_transport,,,,,,,,,,,,,,,12.0,,,,,,,,,
40,2019-11-13,138:148,137:149,bus,,,,,,,,,,35.0,,,,,,,,,,,,,,
40,2019-11-13,138:148,137:149,private_transport,,,,,,,,,,22.0,,,,,,,,,,,,,,
40,2019-11-13,138:148,158:128,bus,,,,,,,,,,,20.0,,,,,,,,,,,,,
40,2019-11-13,138:148,158:128,private_transport,,,,,,,,,,,46.0,,,,,,,,,,,,,
40,2019-11-13,138:148,159:127,bus,,,,,,,,,,21.0,,,,,50.0,,,,,,,,,
40,2019-11-13,138:148,159:127,private_transport,,,,,,,,,,15.0,,,,,42.0,,,,,,,,,
40,2019-11-13,138:148,58:303,private_transport,,,,,,,,,,,,,,,,11.0,,,,,,,,
40,2019-11-13,138:148,97:102,bus,,,,,,,,,,,10.0,,,,,,,,,,,,,
40,2019-11-13,138:148,104:202,bus,,,,,,,,,,,,,15.0,,,,,,,,,,,
40,2019-11-13,138:148,104:202,private_transport,,,,,,,,,,,,,,,10.0,,,,,,,,,
40,2019-11-13,138:148,140:146,private_transport,,,,11.0,,,,,,,,,,,,,,,,,,,,
40,2019-11-13,138:148,124:162,bus,,,,,,,,,,14.0,,,,,,,,,,,,,,
40,2019-11-13,139:147,96:111,private_transport,,,,,,,,,,,,,,,,,,12.0,,,,,,
40,2019-11-13,139:147,111:167,bus,,,,,,,,,,,,,,,,,,11.0,,,,,,
40,2019-11-13,139:147,111:167,private_transport,,,,,,,,,,,,,,,,,,12.0,,,11.0,,,
40,2019-11-13,139:147,121:165,private_transport,,,,,,,,,,,,,,,,,,,17.0,,,,,
40,2019-11-13,139:147,137:149,private_transport,,,,,,,,,,,,,,,,,,,10.0,,,,,
40,2019-11-13,139:147,150:120,bus,,,,,,,,,,,,,,,,,,10.0,,,,,,
40,2019-11-13,139:147,150:120,private_transport,,,,,,,,,,,,,,,14.0,,,,,,,,,
40,2019-11-13,139:147,84:107,private_transport,,,,,,,,,,,,,,,,,,,13.0,,,,,
40,2019-11-13,139:147,145:125,bus,,,,,18.0,,,,,,,,,,,,,,,,,,,
40,2019-11-13,139:147,134:136,bus,,,,,11.0,,,,,,,,,,,,,,,,,,,
40,2019-11-13,139:147,9:509,private_transport,,,,,,,,,,,,,22.0,,,,,,,,,,,
40,2019-11-13,140:146,96:111,bus,,,,,,,,,,,,,,,,,,20.0,,,,,,
40,2019-11-13,140:146,121:165,private_transport,,,,,,,,,,,,,,,,,,,31.0,,,,,
40,2019-11-13,140:146,97:102,bus,,,,,,,,,,,,,,,13.0,,,,,,,,,
40,2019-11-13,140:146,160:110,private_transport,,,,,,,,,,,,,,,,,,13.0,,,,,,
40,2019-11-13,140:146,126:160,bus,,,,,,,,,10.0,,,,,,,,,,,,,,,
40,2019-11-13,140:146,126:160,private_transport,,,,,,,,,13.0,,,,,,,,,,,,,,,
40,2019-11-13,140:146,150:120,private_transport,,,,,,,,,,,,,,,22.0,,,,,,,,,
40,2019-11-13,140:146,84:107,bus,,,,,,,,,,,19.0,,,,,,,,,,,,,
40,2019-11-13,140:146,84:107,private_transport,,,,,,,,,,,11.0,,,,,,,,13.0,,,,,
40,2019-11-13,140:146,108:170,bus,,,,,,,,,,,,,,,,,,14.0,,,,,,
40,2019-11-13,140:146,108:170,private_transport,,,,,,,,,,,,,,,,,,12.0,,,,,,
40,2019-11-13,140:146,127:159,private_transport,,,,,,,,,12.0,,,,,,,,,,,,,,,
40,2019-11-13,140:146,145:125,bus,,,,,35.0,,,,,,,,,,,,,,,,,,,
40,2019-11-13,140:146,118:152,bus,,,,,,,,,,,11.0,,,,,,,,,,,,,
40,2019-11-13,140:146,148:122,bus,,,,,,,,,,,,,,,,,,10.0,,,,,,
40,2019-11-13,140:146,148:122,private_transport,,,,,,,,,,,,,,,,,,25.0,,,,,,
40,2019-11-13,140:146,157:129,private_transport,,,,,,,,,,,,,,,,,,13.0,,,,,,
40,2019-11-13,140:146,119:151,bus,,,,,,,,,,,14.0,,,,,,,,,,,,,
40,2019-11-13,140:146,87:104,bus,,,,,,,,,,,11.0,,,,,,,,,,,,,
40,2019-11-13,140:146,9:509,private_transport,,,,,,,,,,,,,57.0,,,,,,,,,,,
40,2019-11-13,141:145,96:111,bus,,,,,,,,,,,,,,,,,,18.0,,,,,,
40,2019-11-13,141:145,96:111,private_transport,,,,,,,,,,,,,,,,,,20.0,,,,,,
40,2019-11-13,141:145,121:165,bus,,,,,,,,,,,,,,,,,,,18.0,,,,,
40,2019-11-13,141:145,121:165,private_transport,,,,,,,,,,,,,,,,,,,35.0,,,,,
40,2019-11-13,141:145,137:149,private_transport,,,,,,,,,,,,,,,,,,,13.0,,,,,
40,2019-11-13,141:145,158:128,bus,,,,,,,,,,,14.0,,,,10.0,,,,,,,,,
40,2019-11-13,141:145,86:105,bus,,,,,,,,,,,,,,,,,,,17.0,,,,,
40,2019-11-13,141:145,97:102,private_transport,,,,,,,,,,,,,,,21.0,,,,,,,,,
40,2019-11-13,141:145,126:160,bus,,,,,,,,,,,,,,,,,,12.0,,,,,,
40,2019-11-13,141:145,150:120,bus,,,,,,,,,,,,,,,13.0,,,10.0,,,,,,
40,2019-11-13,141:145,150:120,private_transport,,,,,,,,,,,,,,,37.0,,,,,,,,,
40,2019-11-13,141:145,84:107,bus,,,,,,,,,,,28.0,,,,,,,,15.0,,,,,
40,2019-11-13,141:145,84:107,private_transport,,,,,,,,,,,,,,,,,,,23.0,,,,,
40,2019-11-13,141:145,85:106,bus,,,,,,,,,,,20.0,,,,,,,,,,,,,
40,2019-11-13,141:145,85:106,private_transport,,,,,,,,,,,13.0,,,,,,,,,,,,,
40,2019-11-13,141:145,108:170,private_transport,,,,,,,,,,,,,,,,,,17.0,,,,,,
40,2019-11-13,141:145,145:125,bus,,,,,50.0,,,,,,,,,,,,,,,,,,,
40,2019-11-13,141:145,134:136,bus,,,,,12.0,,,,,,,,,,,,,,,,,,,
40,2019-11-13,141:145,134:136,private_transport,,,,,11.0,,,,,,,,,,,,,,,,,,,
40,2019-11-13,141:145,148:122,bus,,,,,,,,,,,,,,,,,,13.0,,,,,,
40,2019-11-13,141:145,148:122,private_transport,,,,,,,,,,,,,,,,,,27.0,,,,,,
40,2019-11-13,141:145,157:129,private_transport,,,,,,,,,,,,,,,,,,10.0,,,,,,
40,2019-11-13,141:145,9:509,private_transport,,,,,,,,,,,,,82.0,,,,,,,,,,,
40,2019-11-13,143:143,64:306,private_transport,,,,,,,,,,37.0,,,,,,,,,,,,,,
40,2019-11-13,143:143,58:303,private_transport,,,,,,,,,,11.0,,,,,,,,,,,,,,
40,2019-11-13,143:143,61:413,private_transport,,,,,,,,21.0,,,,,,,,,,,,,,,,
40,2019-11-13,143:143,98:217,private_transport,,,,,,,,,,,,,,,,,,,,,13.0,,,
40,2019-11-13,144:126,110:168,bus,,,,,,,,,,48.0,,,,,,,,,,,,,,
40,2019-11-13,144:126,110:168,private_transport,,,,,,,,,,29.0,,,,,,,,,,,,,,
40,2019-11-13,144:126,121:165,bus,,,,,,,13.0,,,,,12.0,,,,,,,,,,,,
40,2019-11-13,144:126,144:126,bus,,,,,,,,,,,,,12.0,,,,,,,,,,,
40,2019-11-13,144:126,158:128,bus,,,,,,,,19.0,,,,,,,,,,,,,,,,
40,2019-11-13,144:126,159:127,bus,,,,,,,,,11.0,,,,27.0,,,,,,,,,,,
40,2019-11-13,144:126,159:127,private_transport,,,,,,,,,19.0,,,,,,,,,,,,,,,
40,2019-11-13,144:126,97:102,private_transport,,,,,,,,,,14.0,,,,,,,,,,,,,,
40,2019-11-13,144:126,107:207,private_transport,,,,,,,,,,,,,,,,,,,,,,,,13.0
40,2019-11-13,144:126,109:169,bus,,,,,,,,,,14.0,,,,,,,,,,,,,,
40,2019-11-13,144:126,109:169,private_transport,,,,,,,,,,12.0,,,,,,,,,,,,,,
40,2019-11-13,144:126,50:412,private_transport,,,,,,,35.0,,,,,,,,,,,,,,,,,
40,2019-11-13,144:126,77:312,bus,,,,,,,12.0,,15.0,,,,,,,,,,,,,,,
40,2019-11-13,144:126,77:312,private_transport,,,,,,,,,15.0,,,,,,,,,,,,,,,
40,2019-11-13,144:126,98:217,bus,,,,,,,,,,11.0,,,,,,,,,,,,,,
40,2019-11-13,144:126,98:217,private_transport,,,,,,,,,,,,,,,,,,,,,,,,13.0
40,2019-11-13,144:126,123:163,private_transport,,,,,,,,,,,11.0,,,,,,,,,,,,,
40,2019-11-13,144:126,127:159,bus,,,,,,,,,,,,,,,,10.0,12.0,,,,,,,
40,2019-11-13,144:126,152:134,bus,,,,,,,,,,,,,,,,11.0,,,,,,,,
40,2019-11-13,144:126,48:301,private_transport,,,,,,,,,12.0,,,,,,,,,,,,,,,
40,2019-11-13,144:126,87:104,private_transport,,,,,,,,,,,10.0,,,,,,,,,,,,,
40,2019-11-13,144:126,9:509,bus,,,,,,,10.0,,,,,,,,,,,,,,,,,
40,2019-11-13,144:126,9:509,private_transport,,,,,,,14.0,,,,,,,,,,,,,,,,,
40,2019-11-13,144:126,143:143,private_transport,,,,,,,,,,,,,,,,,,14.0,,,,,,
40,2019-11-13,145:125,84:107,bus,,,,,,,,,,,10.0,,,,,,,,,,,,,
40,2019-11-13,145:125,145:125,bus,,,,,10.0,,,,,,,,,,,,,,,,,,,
40,2019-11-13,145:125,148:122,bus,,,,,,,,,,,,,,,,,,,,18.0,,,,
40,2019-11-13,147:123,104:202,private_transport,,,,,,,,,,,,,,,10.0,,,,,,,,,
40,2019-11-13,147:123,140:146,bus,,,,,,,,,,,,,,,,,11.0,,,,,,,
40,2019-11-13,147:123,141:145,private_transport,,,,,,,,,,,,,,,,,11.0,,,,,,,
40,2019-11-13,148:122,110:168,bus,,,,,,,,,,,,,,50.0,,,,,,,,,,
40,2019-11-13,148:122,110:168,private_transport,,,,,,,,,59.0,,,,,53.0,15.0,,,,,,,,,
40,2019-11-13,148:122,111:167,bus,,,,,,,18.0,21.0,,,,,,,,,,,,,,,,
40,2019-11-13,148:122,111:167,private_transport,,,,,,,,12.0,,,,,,,,,,,,,,,,
40,2019-11-13,148:122,121:165,private_transport,,,,,,,,,,,,,,,,,,,56.0,,,,,
40,2019-11-13,148:122,86:105,private_transport,,,,,,,,,,,,,,,,,,,27.0,,,,,
40,2019-11-13,148:122,97:102,bus,,,,,,,,,28.0,,,,,,21.0,,,,,,,,,
40,2019-11-13,148:122,97:102,private_transport,,,,,,,24.0,,14.0,,,,,,66.0,,,,,,,,,
40,2019-11-13,148:122,149:121,bus,,,,,,,,,,,,,,12.0,,,,,,,,,,
40,2019-11-13,148:122,149:121,private_transport,,,,,,,,,15.0,,,,,10.0,,,,,,,,,,
40,2019-11-13,148:122,109:169,bus,,,,,,,,,,,,,,,,,,,,,15.0,,,
40,2019-11-13,148:122,109:169,private_transport,,,,,,,,,,,,,,11.0,,,,,,,,,,
40,2019-11-13,148:122,122:164,bus,,,,,,,20.0,,29.0,,,,,,,,,,,,,,,
40,2019-11-13,148:122,122:164,private_transport,,,,,,,30.0,,37.0,,,,,,,,,,,,,,,
40,2019-11-13,148:122,126:160,private_transport,,,,,,,,,,,,,,,11.0,,,,,,,,,
40,2019-11-13,148:122,150:120,bus,,,,,,,,14.0,,,,,,,,,,,,,,,,
40,2019-11-13,148:122,276:144,bus,,,,,,,,,,,,,,,,,,,,,32.0,,,
40,2019-11-13,148:122,276:144,private_transport,,,,,,,,,,,,,,,,,,,,,17.0,,,
40,2019-11-13,148:122,84:107,private_transport,,,,,,,,,,,,,,,,,,,30.0,,,,,
40,2019-11-13,148:122,98:217,bus,,,,,,,,,,,,,,,,,,,,,47.0,,,
40,2019-11-13,148:122,98:217,private_transport,,,,,,,,,15.0,,,,,,,,,,,,23.0,,,
40,2019-11-13,148:122,127:159,bus,,,,,,,,,22.0,,,,,,,,,,,,,,,
40,2019-11-13,148:122,127:159,private_transport,,,,,,,23.0,,14.0,,,,,,11.0,,,,,,,,,
40,2019-11-13,148:122,93:114,private_transport,,,,,,,,,18.0,,,,,,,,,,,,,,,
40,2019-11-13,148:122,148:122,bus,,,,,,,39.0,32.0,,,,,,,,,,,,,,,,
40,2019-11-13,148:122,148:122,private_transport,,,,,,,13.0,32.0,,,,,,,,,,,,,,,,
40,2019-11-13,148:122,157:129,private_transport,,,,,,,,12.0,,,,,,,,,,,,,,,,
40,2019-11-13,148:122,94:113,bus,,,,,,,,,,,,,,,,,,,,,14.0,,,
40,2019-11-13,148:122,94:113,private_transport,,,,,,,,,,,,,,,,,,,,,12.0,,,
40,2019-11-13,148:122,120:166,bus,,,,,,,,,,,,,,,,,,,11.0,,,,,
40,2019-11-13,148:122,48:301,private_transport,,,,,,,,,,,,,,,,,,,11.0,,,,,
40,2019-11-13,149:121,110:168,private_transport,,,,,,,,,14.0,,,,,,75.0,,,,,,,,,
40,2019-11-13,149:121,111:167,private_transport,,,,,,,,,13.0,,,,,,,,,,,,,,,
40,2019-11-13,149:121,121:165,private_transport,,,,,,,,,,,,,12.0,,,,,,,,,12.0,,
40,2019-11-13,149:121,97:102,bus,,,,,,,,,11.0,,,,,,,,,,,,,,,
40,2019-11-13,149:121,97:102,private_transport,,,,,,,,,15.0,,,,,,12.0,,,,,,,,,
40,2019-11-13,149:121,149:121,bus,,,,,,,,,11.0,,,,,,,,,,,,,,,
40,2019-11-13,149:121,149:121,private_transport,,,,,,25.0,,10.0,52.0,,,,,,,,,,,,,,,
40,2019-11-13,149:121,109:169,private_transport,,,,,,,,10.0,,,,,,,,,,,,,,,,
40,2019-11-13,149:121,122:164,private_transport,,,,,,,,,13.0,,,,,,,,,,,,,,,
40,2019-11-13,149:121,131:139,bus,,,,,,,,,,,,,,,,,,,11.0,,,,,
40,2019-11-13,149:121,150:120,bus,,,,,,,,,16.0,,,,,,,,,,,,,,,
40,2019-11-13,149:121,150:120,private_transport,,,,,,,,,40.0,,,,,,,,,,,,,,,
40,2019-11-13,149:121,46:420,private_transport,,,,,,,31.0,,,,,,,,,,,,,,,,,
40,2019-11-13,149:121,56:416,private_transport,,,,,,,,,,,,,,,,,,,,,,,66.0,
40,2019-11-13,149:121,61:413,private_transport,,,,,,,,,,,,,,,,83.0,,,,,25.0,,,
40,2019-11-13,149:121,84:107,bus,,,,,,,,,,,,,,,10.0,,,,,,,,,
40,2019-11-13,149:121,113:157,private_transport,,,,,,,,,,,,,,,,,,,,15.0,,,,
40,2019-11-13,149:121,123:163,private_transport,,,,,,10.0,,,,,,,,,,,,,,,,,,
40,2019-11-13,149:121,124:162,private_transport,,,,,,,,,,,,,,,,,,,,13.0,,,,
40,2019-11-13,149:121,132:138,private_transport,,,,,,,,,,,,,,,,,,,,11.0,,,,
40,2019-11-13,149:121,148:122,private_transport,,,,,,,,,17.0,,,,,,,,,,,,,,,
40,2019-11-13,149:121,120:166,bus,,,,,,,,,,,,,,,,,,,10.0,,,,,
40,2019-11-13,149:121,54:419,private_transport,,,,,,,26.0,,,,,,,,,,,,,,,,,
40,2019-11-13,149:121,79:415,private_transport,,,,,,,,,,,,,,,,,,,,,,,10.0,
40,2019-11-13,150:120,64:306,private_transport,,,,,,,,,,,,,,,,,92.0,,,,,,,
40,2019-11-13,150:120,45:319,private_transport,,,,,,,,,,,,,,,,,85.0,,,,,,,
40,2019-11-13,150:120,110:168,private_transport,,,,,,,,,,46.0,,,,82.0,,,,,,,,,,
40,2019-11-13,150:120,111:167,private_transport,,,,,,,,,,17.0,,,,,,,,,,,,,,
40,2019-11-13,150:120,121:165,bus,,,,,,,30.0,29.0,,,,,,,,,26.0,,,,,,,
40,2019-11-13,150:120,121:165,private_transport,,,,,,,11.0,22.0,,,,,,,,,10.0,,16.0,,,,,
40,2019-11-13,150:120,137:149,private_transport,,,,,,,,,,,,,,,,,10.0,,,,,,,
40,2019-11-13,150:120,158:128,private_transport,,,,,,,,,,,,,,,,,,,12.0,,,,,
40,2019-11-13,150:120,86:105,private_transport,,,,,,,,22.0,,,,,,,,,,,,,,,,
40,2019-11-13,150:120,97:102,bus,,,,,,,,,14.0,,,,,,,,,,,,,,,
40,2019-11-13,150:120,104:202,private_transport,,,,,,,,,,22.0,,,,,,,,,,,,,,
40,2019-11-13,150:120,140:146,private_transport,,,,,,,,,,,,23.0,,,,,,,12.0,,,,,
40,2019-11-13,150:120,141:145,bus,,,,,,,,,,,,25.0,,,,,,,12.0,,,,,
40,2019-11-13,150:120,141:145,private_transport,,,,,,,,,,,,28.0,,,,,,,17.0,,,,,
40,2019-11-13,150:120,147:123,private_transport,,,,,,,,,,17.0,,,,,,,,,,,,,,
40,2019-11-13,150:120,149:121,private_transport,,,,,,,,,,,,,,37.0,,,,,,,,,,
40,2019-11-13,150:120,122:164,bus,,,,,,,,,14.0,,,,,,,,,,,,,,,
40,2019-11-13,150:120,122:164,private_transport,,,,,,,,,,,,,,15.0,,,,,,,,,,
40,2019-11-13,150:120,150:120,bus,,,,,,,,,11.0,,,,,,,,,,23.0,,,,,
40,2019-11-13,150:120,150:120,private_transport,,,,,,,,,11.0,,,,,17.0,,,,,34.0,,,,,
40,2019-11-13,150:120,276:144,bus,,,,,,,,,,,,,,,,,,,,,13.0,,,
40,2019-11-13,150:120,276:144,private_transport,,,,,,,,,,,,,,,,,,,,,10.0,,,
40,2019-11-13,150:120,56:416,private_transport,,,,,,,,,,,,,,,,,,,,,,,29.0,
40,2019-11-13,150:120,61:413,private_transport,,,,,,,,,,,,,,,,28.0,,,,,,,,
40,2019-11-13,150:120,84:107,bus,,,,,,,,23.0,,,,,,,,,,,,,,,,
40,2019-11-13,150:120,84:107,private_transport,,,,,,,,11.0,,,,,,,,,15.0,,,,,,,
40,2019-11-13,150:120,123:163,bus,,,,,,,,,,,,,,10.0,,,,,,,,,,
40,2019-11-13,150:120,127:159,bus,,,,,,12.0,,,,,,,,,,,,,,,,,,
40,2019-11-13,150:120,127:159,private_transport,,,,,,17.0,,,,,,,,,,,,,,,,,,
40,2019-11-13,150:120,148:122,bus,,,,,,,,14.0,,,,,,,,,,,,,,,,
40,2019-11-13,150:120,152:134,private_transport,,,,,,29.0,,,,,,,,,,,,,,,,,,
40,2019-11-13,150:120,120:166,bus,,,,,,,,,,,,,,,,,,,28.0,,,,,
40,2019-11-13,150:120,120:166,private_transport,,,,,,,,,,,,,,,,,,,11.0,,,,,
40,2019-11-13,150:120,48:301,private_transport,,,,,,,,,,,,,,97.0,,,,,92.0,,,,,
40,2019-11-13,150:120,54:419,private_transport,,,,,,,26.0,,,,,,,,,,,,,,,,,
40,2019-11-13,151:119,110:168,bus,,,,,,,,,,,,,,,,,,10.0,,,,,,
40,2019-11-13,151:119,111:167,bus,,,,,,,,,15.0,,,,,,,,,10.0,,,,,,
40,2019-11-13,151:119,149:121,bus,,,,,,,,,41.0,,,,,,,,,,,,,,,
40,2019-11-13,151:119,149:121,private_transport,,,,,,,,,18.0,,,,,,,,,17.0,,,,,,
40,2019-11-13,151:119,83:108,private_transport,,,,,,,,,,,,,,,,14.0,,,,,,,,
40,2019-11-13,151:119,148:122,private_transport,,,,,,,,,12.0,,,,,,,,,,,,,,,
40,2019-11-13,152:134,88:103,bus,,,,,,,,,,,,,,10.0,,,,,,,,,,
40,2019-11-13,152:134,97:102,private_transport,,,,,,,,,,,,,,,18.0,,,,,,,,,
40,2019-11-13,152:134,149:121,private_transport,,,,,,,,,,,,,,,,,,14.0,,,,,,
40,2019-11-13,152:134,122:164,bus,,,,,,,,,,,,,,,,11.0,,,,,,,,
40,2019-11-13,152:134,61:413,private_transport,,,,,,,,,,,,,,12.0,,,,,,,,,,
40,2019-11-13,152:134,85:106,bus,,,,,,,,,,,,,,10.0,,,,,,,,,,
40,2019-11-13,154:132,129:141,private_transport,,,,,,,,,,,,,,,,10.0,,,,,,,,
40,2019-11-13,154:132,149:121,bus,,,,,,,,,,,,,,,,,,13.0,,,,,,
40,2019-11-13,155:131,58:303,bus,,,,,,,,,,,,,,20.0,,,,,,,,,,
40,2019-11-13,155:131,58:303,private_transport,,,,,,,,,,,,,,12.0,,,,,,,,,,
40,2019-11-13,155:131,155:131,bus,,,,,,,,,12.0,,,,,,,,,,,,,,,
40,2019-11-13,155:131,155:131,private_transport,,,,,,,,,10.0,,,,,,,,,,,,,,,
40,2019-11-13,155:131,91:116,bus,,,,,,,,,10.0,,,,,,,,,,,,,,,
40,2019-11-13,155:131,156:130,bus,,,,,,,,,10.0,,,,,,,,,,,,,,,
40,2019-11-13,156:130,58:303,bus,,,,,,,,,,,,,,57.0,,,,,,,,,,
40,2019-11-13,156:130,58:303,private_transport,,,,,,,,,,,,,,42.0,,,,,,,,,,
40,2019-11-13,156:130,155:131,bus,,,,,,,,,16.0,,,,,,,,,,,,,,,
40,2019-11-13,156:130,157:129,bus,,,,,,,,,,,,,,,,,,,,13.0,,,,
40,2019-11-13,156:130,156:130,bus,,,,,,,,,18.0,,,,,,,,,,,,,,,
40,2019-11-13,156:130,156:130,private_transport,,,,,,,,,22.0,,,,,,,,,,,,,,,
40,2019-11-13,157:129,45:319,bus,,,,,,,,,,,,,,,,,,,13.0,,,,,
40,2019-11-13,157:129,45:319,private_transport,,,,,,,,,,,,,,,,,11.0,,41.0,,,,,
40,2019-11-13,157:129,96:111,bus,,,,,,,,,,,,,,21.0,,,,,,,,,,
40,2019-11-13,157:129,111:167,bus,,,,,,,11.0,,,,,,,,,,,,,,,,,
40,2019-11-13,157:129,111:167,private_transport,,,,,,,,,,,,,,,,,,,,20.0,,,,
40,2019-11-13,157:129,121:165,private_transport,,,,,,,,,,,,,,,,,,,13.0,,,,,
40,2019-11-13,157:129,158:128,bus,,,,,,,,,,,,,,10.0,,,,,,,,,,
40,2019-11-13,157:129,158:128,private_transport,,,,,,,,,,,,,,,,,,,,31.0,,,,
40,2019-11-13,157:129,97:102,bus,,,,,,,,,,,,,,28.0,,,,,,,,,,
40,2019-11-13,157:129,97:102,private_transport,,,,,,,12.0,,,,,,,15.0,,,,,,,,,,
40,2019-11-13,157:129,160:110,bus,,,,,,,,,,,,,,34.0,,,,,,,,,,
40,2019-11-13,157:129,160:110,private_transport,,,,,,,,,,,,,,10.0,,,,,,,,,,
40,2019-11-13,157:129,122:164,bus,,,,,,,,,15.0,,,,,,,,,,,,,,,
40,2019-11-13,157:129,150:120,bus,,,,,,,,,,,,,,22.0,,,,,,,,,,
40,2019-11-13,157:129,150:120,private_transport,,,,,,,,,,,,,,21.0,,,,,,,,,,
40,2019-11-13,157:129,276:144,bus,,,,,,,,,,,,,,,,,,,,,13.0,,,
40,2019-11-13,157:129,98:217,bus,,,,,,,,,,,,,,,,,,,,,13.0,,,
40,2019-11-13,157:129,98:217,private_transport,,,,,,,,,12.0,,,,,,,,,,,,,,,
40,2019-11-13,157:129,145:125,bus,,,,,,,,,,,,,,13.0,,,,,,,,,,
40,2019-11-13,157:129,145:125,private_transport,,,,,,,,,,,,,,12.0,,,,,,,,,,
40,2019-11-13,157:129,148:122,bus,,,,,,,11.0,,,,,,,,,,,,,,,,,
40,2019-11-13,157:129,148:122,private_transport,,,,,,,,16.0,,,,,,,,,,,,12.0,,,,
40,2019-11-13,157:129,157:129,private_transport,,,,,,,,,,,,,,,,,,,,75.0,,,,
40,2019-11-13,157:129,76:314,bus,,,,,,,,,,,,13.0,,,,,,,,,,,,
40,2019-11-13,157:129,76:314,private_transport,,,,,,,,,,,,101.0,,,,,,,,,,,,
40,2019-11-13,157:129,48:301,private_transport,,,,,,,,,,,,,,11.0,,,,,,,,,,
40,2019-11-13,157:129,47:320,private_transport,,,,,,,,,,,,,,,,,,,10.0,,,,,
40,2019-11-13,158:128,64:306,private_transport,,,,,,,,,,,,,,,,,18.0,,,,,,,
40,2019-11-13,158:128,45:319,bus,,,,,,,,,,,,,,,,,,,13.0,,,,,
40,2019-11-13,158:128,45:319,private_transport,,,,,,,,,,,,,,,,,13.0,,11.0,,,,,
40,2019-11-13,158:128,110:168,bus,,,,,,,,,,78.0,,,,,,,,,,,,,,
40,2019-11-13,158:128,110:168,private_transport,,,,,,,,,,57.0,,,,11.0,,,,,,,,,,
40,2019-11-13,158:128,111:167,bus,,,,,,,,14.0,,,,,,,,,,,,,,,,
40,2019-11-13,158:128,111:167,private_transport,,,,,,,,17.0,,,,,,,,,,,,,,,,
40,2019-11-13,158:128,158:128,bus,,,,,,15.0,,,,,,,,,,,,,,,,,,
40,2019-11-13,158:128,158:128,private_transport,,,,,,102.0,,,,,,,,,,,,,,,,,,
40,2019-11-13,158:128,88:103,private_transport,,,,,,19.0,,,,,,,,,,,,,,,,,,
40,2019-11-13,158:128,97:102,bus,,,,,,,,,,,,,,14.0,,,,,,,,,,
40,2019-11-13,158:128,97:102,private_transport,,,,,,20.0,,,,,,,,,,,,,,,,,,
40,2019-11-13,158:128,104:202,private_transport,,,,,,,,,,10.0,,,,,,,,,,,,,,
40,2019-11-13,158:128,140:146,private_transport,,,,,,,,,,,,10.0,,,,,,,,,,,,
40,2019-11-13,158:128,141:145,private_transport,,,,,,,,,,,,12.0,,,,,,,,,,,,
40,2019-11-13,158:128,149:121,bus,,,,,,,,,,13.0,,,,,,,,,,,,,,
40,2019-11-13,158:128,160:110,private_transport,,,,,,,,,,,,,,15.0,,,,,,,,,,
40,2019-11-13,158:128,126:160,private_transport,,,,,,,,,,,,,,35.0,,,,,,,,,,
40,2019-11-13,158:128,150:120,bus,,,,,,,,,,,,,,,,,,,12.0,,,,,
40,2019-11-13,158:128,150:120,private_transport,,,,,,,,,,,,,,,,,,,10.0,,,,,
40,2019-11-13,158:128,85:106,bus,,,,,,,,,,,,,,,15.0,,,,,,,,,
40,2019-11-13,158:128,85:106,private_transport,,,,,,,,,,,,,,,11.0,,,,,,,,,
40,2019-11-13,158:128,123:163,bus,,,,,,,,,,,,,,10.0,,,,,,,,,,
40,2019-11-13,158:128,148:122,bus,,,,,,,,54.0,,,,,,,,,,,,,,,,
40,2019-11-13,158:128,148:122,private_transport,,,,,,,,53.0,,,,,,,,,,,,,,,,
40,2019-11-13,158:128,157:129,bus,,,,,,,,13.0,,,,,,,,,,,,,,,,
40,2019-11-13,158:128,157:129,private_transport,,,,,,,,,,,,,,,,,,,,23.0,,,,
40,2019-11-13,158:128,76:314,bus,,,,,,,,,,,,10.0,,,,,,,,,,,,
40,2019-11-13,158:128,76:314,private_transport,,,,,,,,,,,,36.0,,,,,,,,,,,,
40,2019-11-13,158:128,94:113,bus,,,,,,,,41.0,,,,,,,,,,,,,,,,
40,2019-11-13,158:128,94:113,private_transport,,,,,,,,67.0,,,,,,,,,,,,,,,,
40,2019-11-13,158:128,136:150,bus,,,,,,,,,,,,,,,,,,,10.0,,,,,
40,2019-11-13,158:128,153:133,private_transport,,,,,,,,11.0,,,,,,,,,,,,,,,,
40,2019-11-13,158:128,48:301,private_transport,,,,,,,,,,,,,,21.0,,,,,29.0,,,,,
40,2019-11-13,158:128,9:509,private_transport,,,,,,,,,,48.0,,,,,,,,,,,,,,
40,2019-11-13,158:128,25:525,private_transport,,,101.0,,,,,,,,,,,,,,,,,,,,,
40,2019-11-13,158:128,32:532,private_transport,,,,,,,,,,156.0,,,,,,,,,,,,,,
40,2019-11-13,158:128,37:537,private_transport,47.0,,,,,,,,,,,,,,,,,,,,,,,
40,2019-11-13,158:128,51:308,private_transport,,,,,,,,,,,,,,18.0,,,,,,,,,,
40,2019-11-13,158:128,75:313,private_transport,,,,,,,,,,,,,,108.0,,,,,,,,,,
40,2019-11-13,159:127,45:319,bus,,,,,,,13.0,,21.0,,,,,,,,,,,,,,,
40,2019-11-13,159:127,45:319,private_transport,,,,,,,22.0,,11.0,,,,,,,,,,,,,,,
40,2019-11-13,159:127,110:168,bus,,,,,,,,26.0,,,,,,,,,,,,,,,,
40,2019-11-13,159:127,110:168,private_transport,,,,,,,,13.0,,,,,,,,,,,,,,,,
40,2019-11-13,159:127,121:165,bus,,,,,,,,,,,,28.0,,,,,,,,,,,,
40,2019-11-13,159:127,121:165,private_transport,,,,,,,,,,,,29.0,,,,,,,,,,,,
40,2019-11-13,159:127,137:149,bus,,,,,,,,,,11.0,,,,,,,,,,,,,,
40,2019-11-13,159:127,137:149,private_transport,,,,,,,,,,15.0,,12.0,,,,,,,,,,,,
40,2019-11-13,159:127,144:126,bus,,,,,,,,,13.0,14.0,,,39.0,,,,,,,,,,,
40,2019-11-13,159:127,144:126,private_transport,,,,,,,,,24.0,21.0,11.0,,,,,,,,,,,,,
40,2019-11-13,159:127,159:127,bus,,,,,,,,,24.0,38.0,,,142.0,,,,,,,,,,,
40,2019-11-13,159:127,159:127,private_transport,,,,,,,,,79.0,62.0,,,17.0,,,,,,,,,,,
40,2019-11-13,159:127,86:105,bus,,,,,,,,,,,,17.0,,,,,,,,,,,,
40,2019-11-13,159:127,88:103,private_transport,,,,,,,,,,10.0,,,,,,,,,,,,,,
40,2019-11-13,159:127,97:102,bus,,,,,,,,,,18.0,,,,,,,,,,,,,,
40,2019-11-13,159:127,97:102,private_transport,,,,,,,,,,55.0,,,,,,,,,,,,,,
40,2019-11-13,159:127,107:207,private_transport,,,,,,,,,,,,,,,,,,32.0,,,,,,
40,2019-11-13,159:127,149:121,private_transport,,,,,,,,,,,26.0,,,,,,,,,,,,,
40,2019-11-13,159:127,109:169,bus,,,,,,,,,,,12.0,,,,,,,,,,,,,
40,2019-11-13,159:127,122:164,private_transport,,,,,,,,,,,24.0,,,,,,,,,,,,,
40,2019-11-13,159:127,50:412,private_transport,,,,,,,188.0,,,,,,,,,,,,,,,,,
40,2019-11-13,159:127,77:312,bus,,,,,,,33.0,,34.0,,,,,,,,,,,,,,,
40,2019-11-13,159:127,77:312,private_transport,,,,,,,25.0,,12.0,,,,,,,,,,,,,,,
40,2019-11-13,159:127,84:107,private_transport,,,,,,,,,,,,13.0,,,,,,,,,,,,
40,2019-11-13,159:127,95:112,bus,,,,,,,,,,,,,,,,13.0,,,,,,,,
40,2019-11-13,159:127,95:112,private_transport,,,,,,,,,,,,,,,,15.0,,,,,,,,
40,2019-11-13,159:127,123:163,private_transport,,,,,,,,,,,18.0,,,,,,,,,,,,,
40,2019-11-13,159:127,127:159,bus,,,,,,,,,,11.0,,,,,,10.0,22.0,,,,,,,
40,2019-11-13,159:127,127:159,private_transport,,,,,,,,,,,,,,,,12.0,17.0,,,,,,,
40,2019-11-13,159:127,76:314,private_transport,,,,,,,,,,,,,,,,,,13.0,,,,,,
40,2019-11-13,159:127,152:134,bus,,,,,,,,,,,,,,,,43.0,26.0,,,,,,,
40,2019-11-13,159:127,152:134,private_transport,,,,,,,,,,,,,,,,10.0,27.0,,,,,,,
40,2019-11-13,159:127,153:133,bus,,,,,,,,,,,,,,,,18.0,20.0,,,,,,,
40,2019-11-13,159:127,153:133,private_transport,,,,,,,,,,,,,,,,12.0,,,,,,,,
40,2019-11-13,159:127,48:301,bus,,,,,,,37.0,,52.0,,,,,,,,,,,,,,,
40,2019-11-13,159:127,48:301,private_transport,,,,,,,34.0,,24.0,,,,,,,,,,,,,,,
40,2019-11-13,159:127,87:104,bus,,,,,,,,,,,31.0,,,,,,,,,,,,,
40,2019-11-13,159:127,87:104,private_transport,,,,,,,,,,,30.0,,,,,,,,,,,,,
40,2019-11-13,159:127,91:116,bus,,,,,,,,,,,23.0,,,,,,,,,,,,,
40,2019-11-13,159:127,156:130,bus,,,,,,,,,,,,,,,,,,12.0,,,,,,
40,2019-11-13,159:127,154:132,bus,,,,,,,,,,,,,,,,11.0,,,,,,,,
40,2019-11-13,159:127,154:132,private_transport,,,,,,,,,,,,,,,,14.0,,,,,,,,
40,2019-11-13,159:127,143:143,private_transport,,,,,,,,,,,,,,,,,,34.0,,,,,,
40,2019-11-13,159:127,100:206,private_transport,,,,,,,,,,,,,,,,,,45.0,,,,,,
40,2019-11-13,159:127,101:205,private_transport,,,,,,,,,,,,,,,,,,12.0,,,,,,
40,2019-11-13,159:127,92:115,private_transport,,,,,,,,,,,13.0,,,,,,,,,,,,,
40,2019-11-13,160:110,96:111,private_transport,25.0,,,,,,,,,,,,,,,,,,,,,,,
40,2019-11-13,160:110,111:167,bus,,,,,,,,,,,,,,,,,,,,10.0,,,,
40,2019-11-13,160:110,121:165,bus,,,,,,,,,,,,,,,,,,17.0,,,,,,
40,2019-11-13,160:110,121:165,private_transport,,,,,,,,,,,,,,,,,,32.0,,,,,,
40,2019-11-13,160:110,158:128,private_transport,,,,,,10.0,,,11.0,,,,,,,,,,,,,,,
40,2019-11-13,160:110,160:110,private_transport,20.0,,,,,,,,,,,,,,,,,,,,,,,
40,2019-11-13,160:110,150:120,bus,,,,,,,,,,,,,,,,,,,,14.0,,,,
40,2019-11-13,160:110,84:107,bus,,,,,,,,,,,,,,,,,,12.0,,,,,,
40,2019-11-13,160:110,84:107,private_transport,,,,,,,,,,,,,,,,,,11.0,,,,,,
40,2019-11-13,160:110,108:170,private_transport,16.0,,,,,,,,,,,,,,,,,,,,,,,
40,2019-11-13,160:110,148:122,bus,,,,,,,,,,,,,,,,,,,,30.0,,,,
40,2019-11-13,160:110,148:122,private_transport,,,,,,,,,,,,,,,,,,,,14.0,,,,
40,2019-11-13,160:110,157:129,private_transport,,,,,,,,,,,,,,,,,,,,10.0,,,,
40,2019-11-13,17:517,45:319,private_transport,,,,,,,,,28.0,,,,,,,,,,,,,,,
40,2019-11-13,17:517,77:312,private_transport,,,,,,,,,59.0,,,,,,,,,,,,,,,
40,2019-11-13,17:517,48:301,private_transport,,,,,,,,,56.0,,,,,,,,,,,,,,,
40,2019-11-13,21:521,45:319,private_transport,,,,,,,,,,,,,,,61.0,,,,,,,,,
40,2019-11-13,25:525,111:167,private_transport,,,,,,,29.0,,,,,,,,,,,,,,,,,
40,2019-11-13,25:525,159:127,private_transport,,,,,,,,,,,44.0,,,,,,,,,,,,,
40,2019-11-13,25:525,58:303,private_transport,,16.0,,,,,,,,,,,,,,,,,,,,,,
40,2019-11-13,25:525,149:121,private_transport,,,,,,,10.0,,,,,,,,,,,,,,,,,
40,2019-11-13,25:525,103:203,private_transport,,29.0,,,,,,,,,,,,,,,,,,,,,,
40,2019-11-13,25:525,131:139,private_transport,,11.0,,,,,,,,,,,,,,,,,,,,,,
40,2019-11-13,25:525,150:120,private_transport,,,,,,,19.0,,,,,,,,,,,,,,,,,
40,2019-11-13,25:525,148:122,private_transport,,,,,,,97.0,,,,,,,,,,,,,,,,,
40,2019-11-13,25:525,157:129,private_transport,,,,,,,19.0,,,,,,,,,,,,,,,,,
40,2019-11-13,25:525,62:307,private_transport,,,,,,,,,,,,,,10.0,,,,,,,,,,
40,2019-11-13,276:144,45:319,private_transport,,11.0,,,,,,,,,,,,,,,,,,,,,,
40,2019-11-13,276:144,96:111,bus,,,,,,,,,,,,,,,12.0,,,,,,,,,
40,2019-11-13,276:144,86:105,private_transport,,,,,,,,,16.0,,,,,,,,,,,,,,,
40,2019-11-13,276:144,109:169,bus,,,,,,,,,,12.0,,,10.0,,,,12.0,,,,,,,
40,2019-11-13,276:144,138:148,private_transport,,,,,,,35.0,,,,,,,,,,,,,,,,,
40,2019-11-13,276:144,276:144,private_transport,,,,,,,,,,14.0,,,,,,,,,,,,,,
40,2019-11-13,276:144,61:413,private_transport,,,,,,,,,,,,,,,,,21.0,,,,,,,
40,2019-11-13,276:144,84:107,private_transport,,,,,,,,,12.0,,,,,,,,,,,,,,,
40,2019-11-13,276:144,85:106,private_transport,,,,,,,,,10.0,,,,,,,,,,,,,,,
40,2019-11-13,276:144,98:217,bus,,,,,,,,,,10.0,,,,,,,21.0,,,,,,,
40,2019-11-13,276:144,98:217,private_transport,,,,,,,,,,10.0,,,,,,,13.0,,,,,,,
40,2019-11-13,276:144,108:170,bus,,,,,,,,,,,,,,,11.0,,,,,,,,,
40,2019-11-13,276:144,94:113,bus,,,,,,,,,,,,,,,,,10.0,,,,,,,
40,2019-11-13,276:144,87:104,private_transport,,,,,,,,,16.0,,,,,,,,,,,,,,,
40,2019-11-13,29:529,45:319,private_transport,,,,,,,,,,,,,,,208.0,,,,,,,,,
40,2019-11-13,29:529,103:203,private_transport,,,,,,,,,,,,,,,10.0,,,,,,,,,
40,2019-11-13,32:532,58:303,private_transport,,22.0,,,,,,,,,,,,,,,,,,,,,,
40,2019-11-13,32:532,103:203,private_transport,,32.0,,,,,,,,,,,,,,,,,,,,,,
40,2019-11-13,32:532,131:139,private_transport,,11.0,,,,,,,,,,,,,,,,,,,,,,
40,2019-11-13,32:532,124:162,private_transport,,10.0,,,,,,,,,,,,,,,,,,,,,,
40,2019-11-13,45:319,45:319,bus,,,,,,,,,,,,,,,177.0,,,,,,,,,
40,2019-11-13,45:319,45:319,private_transport,,,,,,,,,,,,,,,76.0,,,,,,,,,
40,2019-11-13,45:319,110:168,private_transport,,,,,,,,,,,,,,159.0,,,,,,,,,,
40,2019-11-13,45:319,97:102,private_transport,,,,,,,,,,,,,,139.0,,,,,,,,,,
40,2019-11-13,45:319,126:160,private_transport,,,,,,,,,,,,,,17.0,,,,,,,,,,
40,2019-11-13,45:319,98:217,private_transport,,,,,,,,,,,,,,68.0,,,,,,,,,,
40,2019-11-13,45:319,127:159,private_transport,,,,,,,,,11.0,,,,,,,,,,,,,,,
40,2019-11-13,45:319,62:307,private_transport,132.0,,,,,,,,,,,,,,,,,,,,,,,
40,2019-11-13,48:301,109:169,private_transport,,,,,,,,,,,27.0,,,,,,,,,,,,,
40,2019-11-13,48:301,276:144,bus,,,,,,,,,,,15.0,,,,,,,,,,,,,
40,2019-11-13,48:301,276:144,private_transport,,,,,,,,,,,61.0,,,,,,,,,,,,,
40,2019-11-13,48:301,98:217,bus,,,,,,,,,,,16.0,,,,,,,,,,,,,
40,2019-11-13,48:301,98:217,private_transport,,,,,,,,,,,115.0,,,,,,,,,,,,,
40,2019-11-13,48:301,94:113,private_transport,,,,,,,,,,,20.0,,,,,,,,,,,,,
40,2019-11-13,48:301,128:142,private_transport,,,,,,,,,,,10.0,,,,,,,,,,,,,
40,2019-11-13,50:412,110:168,private_transport,,,,,,,102.0,,,,18.0,,,31.0,,,,,,,,,,
40,2019-11-13,50:412,111:167,private_transport,,,,,,,,,,,,,,20.0,,,,,,,,,,
40,2019-11-13,50:412,158:128,private_transport,,,,,,,,,,,,,,,,22.0,,,,,,,,
40,2019-11-13,50:412,88:103,private_transport,,,,,,,,,,,,,,,,69.0,,,,,,,,
40,2019-11-13,50:412,97:102,bus,,,,,,,,,,,,,,,,17.0,,,,,,,,
40,2019-11-13,50:412,97:102,private_transport,,,,,,,,,,,,,,,,162.0,,,,,,,,
40,2019-11-13,50:412,149:121,private_transport,,,,,,,,,,,,,,101.0,,,,,,,,,,
40,2019-11-13,50:412,83:108,private_transport,,,,,,,,,,10.0,,,,,,,,,,,,,,
40,2019-11-13,50:412,109:169,private_transport,,,,,,,,,,41.0,77.0,,,,,,,,,,,,,
40,2019-11-13,50:412,150:120,bus,,,,,,,,,,,,,,,,23.0,,,,,,,,
40,2019-11-13,50:412,150:120,private_transport,,,,,,,,,,,,,,11.0,,77.0,,,,,,,,
40,2019-11-13,50:412,276:144,private_transport,,,,,,,,,,70.0,12.0,,,,,,,,,,,,,
40,2019-11-13,50:412,98:217,private_transport,,,,,,,35.0,,,131.0,44.0,,,,,,,,,,,,,
40,2019-11-13,50:412,148:122,private_transport,,,,,,,,,,,,,,21.0,,,,,,,,,,
40,2019-11-13,51:308,51:308,bus,,,,,,,,,,,,,,,,18.0,,,,,,,,
40,2019-11-13,51:308,75:313,bus,,,,,,,,,,,,,,,,115.0,,,,,,,,
40,2019-11-13,51:308,75:313,private_transport,,,,,,,,,,,,,,,,30.0,,,,,,,,
40,2019-11-13,56:416,45:319,private_transport,,,,,,,,,,,,,166.0,,,,,,,,,,,
40,2019-11-13,56:416,144:126,private_transport,,,,,,14.0,,,,,,,,,,,,,,,,,,
40,2019-11-13,56:416,160:110,private_transport,,,,,,,,,,,,,,,20.0,,,,,,,,,
40,2019-11-13,56:416,103:203,private_transport,,,,,,,,,,,,,11.0,,,,,,,,,,,
40,2019-11-13,56:416,87:104,private_transport,,,,,,77.0,,,,,,,,,,,,,,,,,,
40,2019-11-13,56:416,91:116,private_transport,,,,,,30.0,,,,,,,,,49.0,,,,,,,,,
40,2019-11-13,56:416,92:115,private_transport,,,,,,,,,,,,,,,111.0,,,,,,,,,
40,2019-11-13,57:310,110:168,private_transport,,,,,,,,,,,,,,,,,,,21.0,,,,,
40,2019-11-13,57:310,111:167,private_transport,,,,,,,,,,,,,,,,,,,18.0,,,,,
40,2019-11-13,57:310,158:128,bus,,,,,,,,,,,23.0,,,,,,,,,,,,,
40,2019-11-13,57:310,97:102,bus,,,,,,,76.0,,,,23.0,,,,,,,,,,,,,
40,2019-11-13,57:310,97:102,private_transport,,,,,,,65.0,,,,,,,,,,,,,,,,,
40,2019-11-13,57:310,140:146,private_transport,,,,,,,,,,,,,,,10.0,,,,,,,,,
40,2019-11-13,57:310,107:207,bus,,,,,,,,,,,,,,,,,,,,,,10.0,,
40,2019-11-13,57:310,149:121,bus,,,,,,,,,,,,,,,,,,,11.0,,,,,
40,2019-11-13,57:310,149:121,private_transport,,,,,,,,,,,,,,,,,,,92.0,,,,,
40,2019-11-13,57:310,126:160,bus,,,,,,,24.0,,,,,,,,,,,,,,,,,
40,2019-11-13,57:310,126:160,private_transport,,,,,,,14.0,,,,,,,,,,,,,,,,,
40,2019-11-13,57:310,150:120,bus,,,,,,,,,,,64.0,,,,,,,,,,,,,
40,2019-11-13,57:310,150:120,private_transport,,,,,,,,,,,22.0,,,,,,,,10.0,,,,,
40,2019-11-13,57:310,148:122,private_transport,,,,,,,,,,,11.0,,,,,,,,23.0,,,,,
40,2019-11-13,57:310,62:307,bus,,,,,,,,,,,,,,88.0,,,,,,,,,,
40,2019-11-13,57:310,62:307,private_transport,,,,,,,,,,,,,,89.0,,,,,,,,,,
40,2019-11-13,58:303,110:168,private_transport,,,,,,,,,,,,,,10.0,,,,,,,,,,
40,2019-11-13,58:303,84:107,bus,,,,,,,,,,10.0,,,,,,,,,,,,,,
40,2019-11-13,58:303,123:163,private_transport,,,,,,,,,,,,,,,,,,,38.0,,,,,
40,2019-11-13,58:303,93:114,private_transport,,,,,,,,,,,,,,,,,,,70.0,,,,,
40,2019-11-13,58:303,94:113,private_transport,,,,,,,,,,,,,,,,,,,47.0,,,,,
40,2019-11-13,61:413,110:168,private_transport,,,,,,,186.0,,,,,,,,,,,,,,,,,
40,2019-11-13,61:413,88:103,private_transport,,,,,,,,,,,,,,,,,62.0,,,,,,,
40,2019-11-13,61:413,97:102,private_transport,,,,,,,,,,,,,,,,,121.0,,,,,,,
40,2019-11-13,61:413,149:121,private_transport,,,,,,,32.0,,,,,,,,,,,,,,,,,
40,2019-11-13,61:413,109:169,private_transport,,,,,,,27.0,,,,,,,,,,,,,,,,,
40,2019-11-13,61:413,98:217,private_transport,,,,,,,15.0,,,,,,,,,,,,,,,,,
40,2019-11-13,61:413,123:163,private_transport,,,,,,,,,,,,,,,,,,65.0,,,,,,
40,2019-11-13,61:413,93:114,private_transport,,,,,,,,,,,,,,,,,,91.0,,,,,,
40,2019-11-13,61:413,94:113,private_transport,,,,,,,,,,,,,,,,,,60.0,,,,,,
40,2019-11-13,64:306,110:168,private_transport,,,,,,,,,,,,,,,,19.0,,,,,,,,
40,2019-11-13,64:306,158:128,private_transport,,,,,,,,,,,,,,,,,,18.0,,,,,,
40,2019-11-13,64:306,88:103,private_transport,,,,,,,,,,,,,,,,59.0,,,,,,,,
40,2019-11-13,64:306,97:102,private_transport,,,,,,,,,150.0,,,,,,,127.0,,42.0,,,,,,
40,2019-11-13,64:306,109:169,private_transport,,,,,,,,,,,,,,,,71.0,,,,,,,,
40,2019-11-13,64:306,126:160,private_transport,,,,,,,,,19.0,,,,,,,,,,,,,,,
40,2019-11-13,64:306,150:120,private_transport,,,,,,,,,,,,,,,,,,93.0,,,,,,
40,2019-11-13,64:306,276:144,private_transport,,,,,,,,,,,,,,,,12.0,,,,,,,,
40,2019-11-13,64:306,98:217,private_transport,,,,,,,,,,,,,,,,44.0,,,,,,,,
40,2019-11-13,64:306,93:114,private_transport,,,,,,,,,,,,,,,,19.0,,,,,,,,
40,2019-11-13,64:306,148:122,private_transport,,,,,,,,,,,,,,,,,,14.0,,,,,,
40,2019-11-13,64:306,94:113,private_transport,,,,,,,,,,,,,,,,14.0,,,,,,,,
40,2019-11-13,68:315,93:114,private_transport,,,,,,,,,,,,,,,,,,,10.0,,,,,
40,2019-11-13,6:506,111:167,private_transport,,,,,,,18.0,,,,,,,,,,,,,,,,,
40,2019-11-13,6:506,144:126,private_transport,,,,,,,,,,,11.0,,,,,,,,,,,,,
40,2019-11-13,6:506,159:127,private_transport,,,,,,,,,,,32.0,,,,,,,,,,,,,
40,2019-11-13,6:506,86:105,private_transport,,,,,,,11.0,,,,,,,,,,,,,,,,,
40,2019-11-13,6:506,148:122,private_transport,,,,,,,36.0,,,,,,,,,,,,,,,,,
40,2019-11-13,76:314,110:168,bus,,,,,,,,,,,,,,,,,,19.0,,,,,,
40,2019-11-13,76:314,158:128,bus,,,,,,,,,,,,,,,,,16.0,,,,,,,
40,2019-11-13,76:314,158:128,private_transport,,,,,,,,,,,,,,,,,19.0,,,,,,,
40,2019-11-13,76:314,97:102,bus,,,,,,,98.0,,,,,,,,,,22.0,,,,,,,
40,2019-11-13,76:314,97:102,private_transport,,,,,,,45.0,,,,,,,,,,33.0,,,,,,,
40,2019-11-13,76:314,109:169,bus,,,,,,,,,,,,,,,,,,40.0,,,,,,
40,2019-11-13,76:314,109:169,private_transport,,,,,,,,,,,,,,,,,,34.0,,,,,,
40,2019-11-13,76:314,122:164,private_transport,,,,,,,,,,,,,,,,,18.0,,,,,,,
40,2019-11-13,76:314,126:160,bus,,,,,,,19.0,,,,,,,,,,,,,,,,,
40,2019-11-13,76:314,150:120,bus,,,,,,,,,,,,,,,,,26.0,,,,,,,
40,2019-11-13,76:314,150:120,private_transport,,,,,,,,,,,,,,,,,56.0,,,,,,,
40,2019-11-13,76:314,276:144,bus,,,,,,,,,,,,,,,,,,14.0,,,,,,
40,2019-11-13,76:314,98:217,bus,,,,,,,,,,,,,,,,,,29.0,,,,,,
40,2019-11-13,76:314,98:217,private_transport,,,,,,,,,,,,,,,,,,21.0,,,,,,
40,2019-11-13,76:314,134:136,private_transport,,,,,,,,,,,,,,21.0,,,,,,,,,,
40,2019-11-13,76:314,148:122,private_transport,,,,,,,,,,,,,,,,,11.0,,,,,,,
40,2019-11-13,76:314,94:113,private_transport,,,,,,,,,,,,,,,,,,11.0,,,,,,
40,2019-11-13,76:314,116:154,private_transport,,,,,,,,,,,,,,16.0,,,,,,,,,,
40,2019-11-13,76:314,135:135,bus,,,,,,,,,,,,,,21.0,,,,,,,,,,
40,2019-11-13,76:314,135:135,private_transport,,,,,,,,,,,,,,54.0,,,,,,,,,,
40,2019-11-13,77:312,97:102,private_transport,,,,,,,,,,,,,,19.0,,,,,,,,,,
40,2019-11-13,83:108,64:306,private_transport,,,,,,,,,,24.0,,,,,,,,,,,,,,
40,2019-11-13,83:108,110:168,private_transport,,,,,,,18.0,,,,,,,,,,,,,,,,,
40,2019-11-13,83:108,83:108,private_transport,,,,,,,,,,,,,,,,,,,,,10.0,,,
40,2019-11-13,83:108,61:413,private_transport,,,,,,,,39.0,,,,,,,,,,,,,,,,
40,2019-11-13,83:108,98:217,bus,,,,,,,,,,,,,,,10.0,,,,,,,,,
40,2019-11-13,83:108,98:217,private_transport,,,,,,,,,,,,,,,,,,,,,16.0,,,
40,2019-11-13,84:107,45:319,bus,,,,,,,,38.0,,,,,,,,,,,,,,,,
40,2019-11-13,84:107,45:319,private_transport,,,,,,,,,,,,,,,,,,,13.0,,,,,
40,2019-11-13,84:107,110:168,bus,,,,,,,,20.0,,,,12.0,,,,,,,,,,,,
40,2019-11-13,84:107,110:168,private_transport,,,,,,,,,12.0,,,,,,,,,,,,,,,
40,2019-11-13,84:107,111:167,bus,,,,,,,,12.0,,,,,,,,,,,,,,,,
40,2019-11-13,84:107,111:167,private_transport,,,,,,,,,,,,,,,,,12.0,,,,,,,
40,2019-11-13,84:107,121:165,bus,,,,,,,,,,,26.0,,,,,,,,,10.0,,,,
40,2019-11-13,84:107,121:165,private_transport,,,,,,,,11.0,,,,,,,,,,,,13.0,,17.0,16.0,
40,2019-11-13,84:107,137:149,bus,,,,,,,,,,,,,,,,,,,,,,10.0,,
40,2019-11-13,84:107,137:149,private_transport,,,,,,,,,,,11.0,,,,,,,,,,,,,
40,2019-11-13,84:107,144:126,private_transport,,,,,,,,,,,16.0,,,,,,,,,,,,,
40,2019-11-13,84:107,158:128,bus,,,,,,,,,,18.0,,,,,,,,,,,,,,
40,2019-11-13,84:107,158:128,private_transport,,,,,,,,,,21.0,,10.0,,,,,10.0,,,,,,,
40,2019-11-13,84:107,159:127,bus,,,,,,,,,,,,,,,,,,17.0,,,,,,
40,2019-11-13,84:107,159:127,private_transport,,,,,,,,,,,28.0,,,,,,,15.0,,,,,,
40,2019-11-13,84:107,86:105,bus,,,,,,,,,,,12.0,,,,,,,,,,,,,
40,2019-11-13,84:107,97:102,bus,,,,,,,,,17.0,,,,20.0,,,,,,,,,,,
40,2019-11-13,84:107,97:102,private_transport,,,,,,,,,22.0,,,,15.0,,,,,,,,,,,
40,2019-11-13,84:107,104:202,bus,,,,,,,,,,,,11.0,,,,,,,,,,,,
40,2019-11-13,84:107,104:202,private_transport,,,,,,,,,,,,,,,17.0,,,,,,,,,
40,2019-11-13,84:107,147:123,private_transport,,,,,,,,11.0,,,,,,,,,,,,,,,,
40,2019-11-13,84:107,112:158,private_transport,,,,,,,,,,,,,,,12.0,,,,,,,,,
40,2019-11-13,84:107,126:160,bus,,,,,,,,,,,,,12.0,,,,,,,,,,,
40,2019-11-13,84:107,126:160,private_transport,,,,,,,,,,,,,,47.0,,,,,,,,,,
40,2019-11-13,84:107,150:120,bus,,,,,,,,,,,,,,,,,,10.0,,,,,,
40,2019-11-13,84:107,150:120,private_transport,,,,,,,,,,,,,,,,,,10.0,,,,,,
40,2019-11-13,84:107,84:107,bus,,,,,,,,,,14.0,17.0,12.0,,,,,,,,,,,,
40,2019-11-13,84:107,84:107,private_transport,,,,,,,,,,12.0,10.0,20.0,,,,,,,,,,,,
40,2019-11-13,84:107,90:117,private_transport,,,,,,,,,,,,,,20.0,,,,,,,,,,
40,2019-11-13,84:107,152:134,bus,,,,,,,,,,,,,,16.0,,,,,,,,,,
40,2019-11-13,84:107,152:134,private_transport,,,,,,,,,,,,,,16.0,,,,,,,,,,
40,2019-11-13,84:107,154:132,private_transport,,,,,,,,,,,,,,10.0,,,,,,,,,,
40,2019-11-13,84:107,37:537,private_transport,65.0,,,,,,,,,,,,,,,,,,,,,,,
40,2019-11-13,85:106,110:168,bus,,,,,,,,,,,,,29.0,,,,,,,,,,,
40,2019-11-13,85:106,110:168,private_transport,,,,,,,,,,,,,15.0,,,,,,,,,,,
40,2019-11-13,85:106,121:165,bus,,,,,,,,,,,,,,20.0,,,,,,,,,,
40,2019-11-13,85:106,121:165,private_transport,,,,,,,,,,,,,,13.0,,,,,,,,,,
40,2019-11-13,85:106,86:105,private_transport,,,,,,,,,,,,,,15.0,,,,,,,,,,
40,2019-11-13,85:106,88:103,private_transport,,,,,,,,,,,,,,,10.0,,,,,,,,,
40,2019-11-13,85:106,147:123,private_transport,,,,,,,,,,,,,,,,,,13.0,,,,,,
40,2019-11-13,85:106,106:208,bus,,,,,,,,,,,,,,,11.0,,,,,,,,,
40,2019-11-13,85:106,149:121,bus,,,,,,,,,,,,,10.0,,,,,,,,,,,
40,2019-11-13,85:106,109:169,bus,,,,,,,,,,,,,11.0,,,,,,,,,,,
40,2019-11-13,85:106,114:156,bus,,,,,,,,,,,,,,,,,,10.0,,,,,,
40,2019-11-13,85:106,126:160,bus,,,,,,,,,,,,,,10.0,,,,,,,,,,
40,2019-11-13,85:106,126:160,private_transport,,,,,,,,,,,,,,43.0,,,,,,,,,,
40,2019-11-13,85:106,84:107,bus,,,,,,,,,,,,,,10.0,,,,,,,,,,
40,2019-11-13,85:106,84:107,private_transport,,,,,,,,,,,,,,16.0,,,,,,,,,,
40,2019-11-13,85:106,85:106,bus,,,,,,,,,,,,,,,21.0,,,,,,,,,
40,2019-11-13,85:106,85:106,private_transport,,,,,,,,,,,,,,,17.0,,,,,,,,,
40,2019-11-13,85:106,90:117,bus,,,,,,,,,,,,,,,,,19.0,,,,,,,
40,2019-11-13,85:106,90:117,private_transport,,,,,,,,,,,,,,16.0,,,18.0,,,,,,,
40,2019-11-13,85:106,9:509,private_transport,,,,,,,,,,59.0,,,,,,,,,,,,,,
40,2019-11-13,85:106,37:537,private_transport,57.0,,,,,,,,,,,,,,,,,,,,,,,
40,2019-11-13,86:105,45:319,bus,,,,,,,,35.0,,,,,,,,,,,,,,,,
40,2019-11-13,86:105,45:319,private_transport,,,,,,,,22.0,,,,,,,,,,,,,,,,
40,2019-11-13,86:105,110:168,bus,,,,,,,,,19.0,20.0,,,,,,,,,,,,,,
40,2019-11-13,86:105,110:168,private_transport,,,,,,,,,,15.0,,19.0,,,,,,,,,,,,
40,2019-11-13,86:105,111:167,private_transport,,,,,,,,,,,,,,,11.0,,,,,,,,,
40,2019-11-13,86:105,121:165,bus,,,,,,,10.0,25.0,,17.0,18.0,,,,,,19.0,,,20.0,,12.0,,
40,2019-11-13,86:105,121:165,private_transport,,,,,,,,,,,,,,,,,,,,,,14.0,10.0,
40,2019-11-13,86:105,137:149,private_transport,,,,,,,,,,,,,,,,,,,,,,,11.0,
40,2019-11-13,86:105,158:128,bus,,,,,,,,,,21.0,,,,,,,,,,,,,,
40,2019-11-13,86:105,158:128,private_transport,,,,,,,,,,19.0,,19.0,,,,,,,,,,,,
40,2019-11-13,86:105,159:127,bus,,,,,,,,,,,,,,,,,,21.0,,,,,,
40,2019-11-13,86:105,159:127,private_transport,,,,,,,,,,,32.0,,,,,,,19.0,,,,,,
40,2019-11-13,86:105,86:105,bus,,,,,,,,10.0,,11.0,17.0,,,,,,,,,,,,,
40,2019-11-13,86:105,86:105,private_transport,,,,,,,,,,,,,,,,,,,,,,,11.0,
40,2019-11-13,86:105,97:102,bus,,,,,,,,,27.0,,,,21.0,,,,,,,,,,,
40,2019-11-13,86:105,97:102,private_transport,,,,,,,,,21.0,,,,20.0,,,,,,,,,,,
40,2019-11-13,86:105,104:202,bus,,,,,,,,12.0,,,,,,,,,,,,,,,,
40,2019-11-13,86:105,104:202,private_transport,,,,,,,,16.0,,,,13.0,,,,,,,,,,,,
40,2019-11-13,86:105,107:207,private_transport,,,,,,,,,,,,,,,24.0,,,,,,,,,
40,2019-11-13,86:105,106:208,private_transport,,,,,,,,,,,,,,,15.0,,,,,,,,,
40,2019-11-13,86:105,112:158,bus,,,,,,,,,,,,,,,19.0,,,,,,,,,
40,2019-11-13,86:105,112:158,private_transport,,,,,,,,,,,,,,,23.0,,,,,,,,,
40,2019-11-13,86:105,149:121,bus,,,,,,,,,,13.0,,,,,,,,,,,,,,
40,2019-11-13,86:105,122:164,bus,,,,,,,,,,,,,,,,,,10.0,,,,,,
40,2019-11-13,86:105,126:160,bus,,,,,,,,,,,,,11.0,,,,,,,,,,,
40,2019-11-13,86:105,126:160,private_transport,,,,,,,,,12.0,,,,11.0,,,,,,,,,,,
40,2019-11-13,86:105,150:120,bus,,,,,,,,,,,,,,,,,,10.0,,,,,,
40,2019-11-13,86:105,150:120,private_transport,,,,,,,,,,,,,,,,,,11.0,,,,,,
40,2019-11-13,86:105,84:107,bus,,,,,,,,15.0,,,,,,,,,,,,,,,,
40,2019-11-13,86:105,84:107,private_transport,,,,,,,,10.0,,,13.0,,,,,,,,,,,,16.0,
40,2019-11-13,86:105,85:106,private_transport,,,,,,,,,,,,15.0,,,,,,,,,,,,
40,2019-11-13,86:105,98:217,private_transport,,,,,,,,,,,,,,,,,,10.0,,,,,,
40,2019-11-13,86:105,127:159,private_transport,,,,,,,,,,,,,,10.0,,,,,,,,,,
40,2019-11-13,86:105,157:129,private_transport,,,,,,,,,,,,,,,,,14.0,,,,,,,
40,2019-11-13,86:105,152:134,bus,,,,,,,,,,,,,,19.0,,,,,,,,,,
40,2019-11-13,86:105,154:132,bus,,,,,,,,,,,,,,10.0,,,,,,,,,,
40,2019-11-13,87:104,110:168,private_transport,,,,,,,,,,,,,13.0,,,,,,,,,,,
40,2019-11-13,87:104,121:165,bus,,,,,,,22.0,,,,,,,,,,,,,,,,,
40,2019-11-13,87:104,121:165,private_transport,,,,,,,10.0,,,,,,,,,,,,,,,,,
40,2019-11-13,87:104,158:128,bus,,,,,,,,55.0,,,,,,,,,,,,,,,,
40,2019-11-13,87:104,158:128,private_transport,,,,,,,,27.0,,,,,,,,,,,,,,,,
40,2019-11-13,87:104,86:105,bus,,,,,,,15.0,,,11.0,,,,,,,,,,,,,,
40,2019-11-13,87:104,86:105,private_transport,,,,,,,16.0,,,,,,,,,,,,,,,,,
40,2019-11-13,87:104,97:102,bus,,,,,,,,12.0,,,,,,,,,,,,,,,,
40,2019-11-13,87:104,97:102,private_transport,,,,,,,,12.0,,,,,,,,,,,,,,,,
40,2019-11-13,87:104,104:202,private_transport,,,,,,,,,,,,,,,,,,,,,,,,14.0
40,2019-11-13,87:104,147:123,private_transport,,,,,,,,,,,,,,,,,,13.0,,,,,,34.0
40,2019-11-13,87:104,107:207,private_transport,,,,,,,,,,,,,,,,,,,,,,,,22.0
40,2019-11-13,87:104,106:208,private_transport,,,,,,,,,,,,,,,10.0,,,,,,,,,10.0
40,2019-11-13,87:104,112:158,bus,,,,,,,,,,,,,,,16.0,,,,,,,,,
40,2019-11-13,87:104,112:158,private_transport,,,,,,,,,,,,,,,10.0,,,,,,,,,10.0
40,2019-11-13,87:104,114:156,bus,,,,,,,,,,,,,,,,,,16.0,,,,,,
40,2019-11-13,87:104,114:156,private_transport,,,,,,,,,,,,,,,,,,,,,,,,45.0
40,2019-11-13,87:104,84:107,bus,,,,,,,15.0,,,,,,,,,,,,,,,,,
40,2019-11-13,87:104,85:106,bus,,,,,,,,,,,,,,,,,11.0,,,,,,,
40,2019-11-13,87:104,98:217,private_transport,,,,,,,,,,,,,,,,,,10.0,,,,,,29.0
40,2019-11-13,87:104,90:117,bus,,,,,,,,,,,,,,,,,11.0,,,,,,,
40,2019-11-13,87:104,87:104,bus,,,,,,,,,,37.0,,,,,,,,,,,,,,
40,2019-11-13,87:104,87:104,private_transport,,,,,,,,,,28.0,,,,,,,,,,,,,,
40,2019-11-13,87:104,91:116,bus,,,,,,,,,,14.0,,,,,,,,,,,,,,
40,2019-11-13,87:104,91:116,private_transport,,,,,,,,,,21.0,,,,,,,,,,,,,,
40,2019-11-13,87:104,9:509,bus,,,,,,,75.0,,,,,,,,,,,,,,,,,
40,2019-11-13,87:104,9:509,private_transport,,,,,,,32.0,,,,,,,,,,,,,,,,,
40,2019-11-13,87:104,57:310,private_transport,,,,,,,,,,,,,,,10.0,,,,,,,,,
40,2019-11-13,88:103,111:167,private_transport,,,,,,,,11.0,,,,,,,,,,,,,,,,
40,2019-11-13,88:103,158:128,bus,,,,,,,,,,,,,,,13.0,,,,,,,,,
40,2019-11-13,88:103,158:128,private_transport,,,,,,23.0,,,,,,,,,,,,,,,,,,
40,2019-11-13,88:103,86:105,private_transport,,,,,,,,,12.0,,,,,,,,,,,,,,,
40,2019-11-13,88:103,88:103,bus,,,,,,,,,,,,,,,14.0,,,,,,,,,
40,2019-11-13,88:103,88:103,private_transport,,,,,,,,,,,,,29.0,,,,,,,,,,,
40,2019-11-13,88:103,97:102,private_transport,,,,,,,,,,,,,33.0,,,,,,,,,,,
40,2019-11-13,88:103,149:121,bus,,,,,,,,,,10.0,,,,,,,,,,,,,,
40,2019-11-13,88:103,61:413,private_transport,,,,,,,,,,,,,,,,,,,,,,92.0,,
40,2019-11-13,88:103,85:106,bus,,,,,,,,,,,,,,,21.0,,,,,,,,,
40,2019-11-13,88:103,85:106,private_transport,,,,,,,,,12.0,,,,,,21.0,,,,,,,,,
40,2019-11-13,88:103,148:122,private_transport,,,,,,,,10.0,,,,,,,,,,,,,,,,
40,2019-11-13,88:103,87:104,private_transport,,,,,,,,,16.0,,,,,,,,,,,,,,,
40,2019-11-13,88:103,9:509,private_transport,,,,,,,,,,67.0,,,,,,,,,,,,,,
40,2019-11-13,88:103,32:532,private_transport,,,,,,,,,,36.0,,,,,,,,,,,,,,
40,2019-11-13,88:103,75:313,private_transport,,,,,,,,,,,,,,18.0,,,,,,,,,,
40,2019-11-13,89:118,45:319,private_transport,,,,,,,,,16.0,,,,,,,,,,,,,,,
40,2019-11-13,90:117,110:168,bus,,,,,,,,,,,,,63.0,,,,,,,,,,,
40,2019-11-13,90:117,110:168,private_transport,,,,,,,,,,,,,58.0,,,,,,,,,,,
40,2019-11-13,90:117,121:165,bus,,,,,,,,,,,,,,30.0,,,,,,,,,,
40,2019-11-13,90:117,121:165,private_transport,,,,,,,,,,,,,,29.0,,,,,,,,,,
40,2019-11-13,90:117,158:128,bus,,,,,,,,,22.0,,,,,,,,,,,,,,,
40,2019-11-13,90:117,86:105,private_transport,,,,,,,,,,,,,,24.0,,,,,,,,,,
40,2019-11-13,90:117,97:102,bus,,,,,,,,,13.0,,,,,,,,,,,,,,,
40,2019-11-13,90:117,109:169,private_transport,,,,,,,,,,,11.0,,,,,,,,,,,,,
40,2019-11-13,90:117,84:107,bus,,,,,,11.0,,,,,,,,20.0,,,,,,,,,,
40,2019-11-13,90:117,84:107,private_transport,,,,,,,,,,,,,,10.0,,,,,,,,,,
40,2019-11-13,90:117,85:106,bus,,,,,,,,,13.0,,,,,,,,26.0,,,,,,,
40,2019-11-13,90:117,85:106,private_transport,,,,,,,,,,,,,,,,,17.0,,,,,,,
40,2019-11-13,90:117,90:117,bus,,,,,,,,,14.0,,,,,,,,30.0,,,,,,,
40,2019-11-13,90:117,90:117,private_transport,,,,,,,,,,,,,,,,,21.0,,,,,,,
40,2019-11-13,90:117,87:104,bus,,,,,,,,,,,,,,,,,11.0,,,,,,,
40,2019-11-13,90:117,9:509,private_transport,,,,,,,,,,11.0,,,,,,,,,,,,,,
40,2019-11-13,91:116,121:165,private_transport,,,,,,,14.0,,,,,,,,,,,,,,,,,
40,2019-11-13,91:116,144:126,bus,,,,,,,,,,12.0,,,,,,,,,,,,,,
40,2019-11-13,91:116,158:128,bus,,,,,,,,29.0,,,,,,,,,,,,,,,,
40,2019-11-13,91:116,158:128,private_transport,,,,,,,,13.0,,,,,,,,,,,,,,,,
40,2019-11-13,91:116,58:303,bus,,,,,,,,,,,,,,21.0,,,,,,,,,,
40,2019-11-13,91:116,58:303,private_transport,,,,,,,,,,,,,,11.0,,,,,,,,,,
40,2019-11-13,91:116,147:123,private_transport,,,,,,,,,,,,,,,,,,,,,,,,18.0
40,2019-11-13,91:116,107:207,private_transport,,,,,,,,,,,,,,,,,,,,,,,,16.0
40,2019-11-13,91:116,106:208,private_transport,,,,,,,,,,,,,,,,,,,,,,,,15.0
40,2019-11-13,91:116,114:156,private_transport,,,,,,,,,,,,,,,,,,,,,,,,17.0
40,2019-11-13,91:116,87:104,bus,,,,,,,,,,23.0,,,,,,,,,,,,,,
40,2019-11-13,91:116,87:104,private_transport,,,,,,,,,,12.0,,,,,,,,,,,,,,
40,2019-11-13,91:116,91:116,bus,,,,,,,,,,17.0,,,,,,,,,,,,,,
40,2019-11-13,91:116,91:116,private_transport,,,,,,,,,11.0,,,,,,,,,,,,,,,
40,2019-11-13,91:116,156:130,private_transport,,,,,,,,,10.0,,,,,,,,,,,,,,,
40,2019-11-13,91:116,9:509,bus,,,,,,,41.0,,,,,,,,,,,,,,,,,
40,2019-11-13,91:116,9:509,private_transport,,,,,,,16.0,,,,,,,,,,,,,,,,,
40,2019-11-13,92:115,149:121,private_transport,,,,,,,,,,,10.0,,,,,,,,,,,,,
40,2019-11-13,92:115,98:217,private_transport,,,,,,,,,,,,,,,,,,,,,,,,11.0
40,2019-11-13,92:115,91:116,bus,,,,,,,,,,11.0,,,,,,,,,,,,,,
40,2019-11-13,93:114,45:319,private_transport,,15.0,,,,,,,,,,,,,,,,,,,,,,
40,2019-11-13,93:114,110:168,bus,,,,,,,,,,,,,10.0,22.0,,,,15.0,,,,,,
40,2019-11-13,93:114,110:168,private_transport,,,,,,,,,,,,,10.0,16.0,,,,10.0,,,,,,
40,2019-11-13,93:114,58:303,bus,,,,,,,,,,,,,,,,,,,17.0,,,,,
40,2019-11-13,93:114,58:303,private_transport,,,,,,,,,,,,,,,,,,,11.0,,,,,
40,2019-11-13,93:114,97:102,bus,,,,,13.0,,,,,,,,,18.0,,,,,,,,,,
40,2019-11-13,93:114,97:102,private_transport,,,,,,,,,,,,,,15.0,,,,,,,,,,
40,2019-11-13,93:114,141:145,bus,,,,,,,,,,,,,,11.0,,,,,,,,,,
40,2019-11-13,93:114,141:145,private_transport,,,,,,,,,,,,,,15.0,,,,,,,,,,
40,2019-11-13,93:114,147:123,bus,,,,,,,,,,,,,,,10.0,,,,,,,,,
40,2019-11-13,93:114,149:121,bus,,,,,,,,,,,,,,10.0,,,,,,,,,,
40,2019-11-13,93:114,103:203,bus,,,,,,,,,,,,,,,,,,,19.0,,,,,
40,2019-11-13,93:114,103:203,private_transport,,,,,,,,,,,,,,,,,,,25.0,,,,,
40,2019-11-13,93:114,131:139,private_transport,,,,,,,,,,,,,,,,,,,14.0,,,,,
40,2019-11-13,93:114,50:412,private_transport,,,,,,,,,16.0,,,,,,83.0,,,,,,,,,
40,2019-11-13,93:114,61:413,bus,,,,,,,,,,,,,,,,,,29.0,,,,,,
40,2019-11-13,93:114,61:413,private_transport,,,,,,,,,,,,,,,,,12.0,35.0,,,,10.0,,
40,2019-11-13,93:114,98:217,bus,,,,,,,,,,,,,,,11.0,,,,,,,,,
40,2019-11-13,93:114,98:217,private_transport,,,,,,,,,,,,,,,10.0,,,,,,,,,
40,2019-11-13,93:114,127:159,bus,,,,,,,,,,11.0,,,,,,,,,,,,,,
40,2019-11-13,93:114,94:113,bus,,,,,,,,,,,,18.0,,,,,,,,,,,,
40,2019-11-13,93:114,48:301,private_transport,,,,,,,,,,,,,,,,,,,,,,12.0,,
40,2019-11-13,94:113,45:319,private_transport,,10.0,,,,,,,,,,,,,,,,,,,,,,
40,2019-11-13,94:113,96:111,private_transport,,,,,,,,,,,,,,,10.0,,,,,,,,,
40,2019-11-13,94:113,58:303,private_transport,,,,,,,,,,,,,,,,,,,13.0,,,,,
40,2019-11-13,94:113,147:123,bus,,,,,,,,,,,,,,,25.0,,,,,,,,,
40,2019-11-13,94:113,147:123,private_transport,,,,,,,,,,,,,,,16.0,,,,,,,,,
40,2019-11-13,94:113,107:207,bus,,,,,,,,,,,,,,,23.0,,,,,,,,,
40,2019-11-13,94:113,106:208,bus,,,,,,,,,,,,,,,19.0,,,,,,,,,
40,2019-11-13,94:113,103:203,private_transport,,,,,,,,,,,,,,,,,,,11.0,,,,,
40,2019-11-13,94:113,109:169,bus,,,,,,,,,,,,10.0,,,,,,,,,,,,
40,2019-11-13,94:113,114:156,bus,,,,,,,,,,,,,,,31.0,,,,,,,,,
40,2019-11-13,94:113,114:156,private_transport,,,,,,,,,,,,,,,21.0,,,,,,,,,
40,2019-11-13,94:113,131:139,private_transport,,,,,,,,,,,,,,,,,,,12.0,,,,,
40,2019-11-13,94:113,276:144,bus,,,,,,,,,,11.0,,,,,,,10.0,,,,,,,
40,2019-11-13,94:113,50:412,private_transport,,,,,,,,,14.0,,,,,,45.0,,,,,,,,,
40,2019-11-13,94:113,61:413,bus,,,,,,,,,,,,,,,,,,20.0,,,,,,
40,2019-11-13,94:113,61:413,private_transport,,,,,,,,,,,,,,11.0,,,,19.0,,,,,,
40,2019-11-13,94:113,98:217,bus,,,,,,,,,,,,,,,23.0,,,,,,,,,
40,2019-11-13,94:113,98:217,private_transport,,,,,,,,,,10.0,,,,,10.0,,,,,,,,,
40,2019-11-13,94:113,94:113,bus,,,,,,,,,,,,85.0,,,,,,,,,,,,
40,2019-11-13,94:113,94:113,private_transport,,,,,,,,,,,,17.0,,,,,,,,,,,,
40,2019-11-13,95:112,158:128,bus,,,,,,,,10.0,,,,,,,,,,,,,,,,
40,2019-11-13,95:112,158:128,private_transport,,,,,,,,12.0,,,,,,,,,,,,,,,,
40,2019-11-13,95:112,97:102,private_transport,,,,,,,,13.0,,,,,,,,,,,,,,,,
40,2019-11-13,95:112,122:164,bus,,,,,,,,13.0,,,,,,,,,,,,,,,,
40,2019-11-13,95:112,150:120,bus,,,,,,,,38.0,,,,,,,,,,,,,,,,
40,2019-11-13,95:112,150:120,private_transport,,,,,,,,18.0,,,,,,,,,,,,,,,,
40,2019-11-13,95:112,95:112,bus,,,,,,,,,,,,36.0,,,,,,,,,,,,
40,2019-11-13,95:112,113:157,bus,,,,,,,,,,,,12.0,,,,,,,,,,,,
40,2019-11-13,95:112,113:157,private_transport,,,,,,,,,,,,11.0,,,,,,,,,,,,
40,2019-11-13,96:111,96:111,private_transport,25.0,,,,,,,,,,,,,,,,,,,,,,,
40,2019-11-13,96:111,121:165,bus,,,,,,,,,,,,,,,,,,13.0,,,,,,
40,2019-11-13,96:111,121:165,private_transport,,,,,,,,,,,,,,,,,,28.0,,,,,,
40,2019-11-13,96:111,137:149,bus,,,,,,,,,,,,,,,,,,11.0,,,,,,
40,2019-11-13,96:111,86:105,private_transport,,,,,,,,,,,,,,,,,,10.0,,,,,,
40,2019-11-13,96:111,160:110,private_transport,28.0,,,,,,,,,,,,,,,,,,,,,,,
40,2019-11-13,96:111,150:120,bus,,,,,,,,,,,,,,,,,,,,11.0,,,,
40,2019-11-13,96:111,108:170,private_transport,24.0,,,,,,,,,,,,,,,,,,,,,,,
40,2019-11-13,96:111,148:122,bus,,,,,,,,,,,,,,,,,,,,21.0,,,,
40,2019-11-13,96:111,102:204,private_transport,10.0,,,,,,,,,,,,,,,,,,,,,,,
40,2019-11-13,97:102,64:306,private_transport,,,,,,,,,,,,,,,,,49.0,,,,,,,
40,2019-11-13,97:102,45:319,private_transport,,,,,,,,,,,,,,,,,33.0,,,,,,,
40,2019-11-13,97:102,110:168,bus,,,,,,,,,,17.0,,,,30.0,,,,23.0,,,,,,
40,2019-11-13,97:102,110:168,private_transport,,,,,,,,,,144.0,,,,48.0,,,,10.0,,,,,,
40,2019-11-13,97:102,111:167,private_transport,,,,,,,,12.0,,11.0,,,,,,,,,,,,,,
40,2019-11-13,97:102,121:165,bus,,,,,,,,17.0,,,,,,,,,64.0,,,,,,,
40,2019-11-13,97:102,121:165,private_transport,,,,,,,18.0,22.0,,,,,,,,,45.0,,,,,,,
40,2019-11-13,97:102,137:149,bus,,,,,,,,,,,,,,,,,12.0,,,,,,,
40,2019-11-13,97:102,144:126,private_transport,,,,,,,,,,,,,,11.0,,,,,,,,,,
40,2019-11-13,97:102,158:128,bus,,,,,,,,,,,,,,,,,,,10.0,,,,,
40,2019-11-13,97:102,158:128,private_transport,,,,,,25.0,,,10.0,,,,,,,,,,,,,,,
40,2019-11-13,97:102,86:105,bus,,,,,,,,,22.0,,,,,,,,36.0,,,,,,,
40,2019-11-13,97:102,86:105,private_transport,,,,,,,,10.0,38.0,,,,,,,,25.0,,,,,,,
40,2019-11-13,97:102,88:103,bus,,,,,,,,,,,,,,11.0,,,,,,,,,,
40,2019-11-13,97:102,88:103,private_transport,,,,,,13.0,,,,,,,45.0,,,,,,,,,,,
40,2019-11-13,97:102,97:102,bus,,,,,29.0,,,,,,55.0,,11.0,34.0,,,33.0,51.0,,29.0,,,,
40,2019-11-13,97:102,97:102,private_transport,,,,,26.0,10.0,,,,,64.0,,78.0,27.0,16.0,,77.0,82.0,,116.0,,,,
40,2019-11-13,97:102,104:202,bus,,,,,,,,,,,,,,,,,,11.0,,,,,,
40,2019-11-13,97:102,104:202,private_transport,,,,,,,,,,21.0,,,,,,,,,,,,,,
40,2019-11-13,97:102,139:147,bus,,,,,,,,,,,,11.0,,,,,,,,,,,,
40,2019-11-13,97:102,140:146,bus,,,,,,,,,,,,15.0,,12.0,,,,,,,,,,
40,2019-11-13,97:102,140:146,private_transport,,,,,,,,,,,,,,18.0,,,,,,,,,,
40,2019-11-13,97:102,141:145,bus,,,,,,,,,,,,18.0,,10.0,,,,,12.0,,,,,
40,2019-11-13,97:102,141:145,private_transport,,,,,,,,,,,,13.0,,14.0,,,,,,,,,,
40,2019-11-13,97:102,147:123,bus,,,,,,,,,,,,,,,,,,10.0,,,,,,
40,2019-11-13,97:102,149:121,private_transport,,,,,,,,,,21.0,,,,19.0,,,,,,,,,,
40,2019-11-13,97:102,109:169,private_transport,,,,,,,,,,27.0,,,,17.0,,,,,,,,,,
40,2019-11-13,97:102,122:164,bus,,,,,,,,,,12.0,,,,11.0,,,,,,,,,,
40,2019-11-13,97:102,122:164,private_transport,,,,,,,,,,11.0,,,,14.0,,,,,,,,,,
40,2019-11-13,97:102,126:160,bus,,,,,11.0,,,48.0,,,,,,10.0,10.0,,,16.0,,16.0,,,,
40,2019-11-13,97:102,126:160,private_transport,,,,,,,,54.0,,,10.0,,,,10.0,,21.0,15.0,,29.0,,,,
40,2019-11-13,97:102,150:120,bus,,,,,,,,,,,,,,,,,,,10.0,,,,,
40,2019-11-13,97:102,150:120,private_transport,,,,,,,,,,,,,,13.0,,,,,11.0,,,,,
40,2019-11-13,97:102,50:412,private_transport,,,,,,,,,51.0,,,,,,,,,,,,,,,
40,2019-11-13,97:102,61:413,private_transport,,,,,,,,,,,,,,,,,,,,,,166.0,,
40,2019-11-13,97:102,84:107,bus,,,,,,,,14.0,,,,,,,,,17.0,,,,,,,
40,2019-11-13,97:102,85:106,private_transport,,,,,,,,,20.0,,,,,,,,,,,,,,,
40,2019-11-13,97:102,123:163,bus,,,,,,,,,,10.0,,,,,,,,,,,,,,
40,2019-11-13,97:102,90:117,bus,,,,,,,,16.0,,,,,,,,,,,,,,,,
40,2019-11-13,97:102,90:117,private_transport,,,,,,,,12.0,,,,,,,,,,,,,,,,
40,2019-11-13,97:102,134:136,bus,,,,,,,,,12.0,,,10.0,,,,,,,,,,,,
40,2019-11-13,97:102,148:122,private_transport,,,,,,,,13.0,,,,,,,,,,,,,,,,
40,2019-11-13,97:102,155:131,bus,,,,,,,,,21.0,,,,,,,,,,,,,,,
40,2019-11-13,97:102,155:131,private_transport,,,,,,,,,13.0,,,,,,,,,,,,,,,
40,2019-11-13,97:102,94:113,private_transport,,,,,,10.0,,11.0,,,,,,,,,,,,,,,,
40,2019-11-13,97:102,152:134,private_transport,,,,,,21.0,,,,,,,,,,,,,,,,,,
40,2019-11-13,97:102,120:166,bus,,,,,,,,,,,,,,,,,,,19.0,,,,,
40,2019-11-13,97:102,48:301,private_transport,,,,,,,,,,,,,,51.0,,,,,45.0,,,21.0,,
40,2019-11-13,97:102,87:104,bus,,,,,,,,,21.0,,,,,,,,,,,,,,,
40,2019-11-13,97:102,87:104,private_transport,,,,,,,,,33.0,,,,,12.0,,,,,,,,,,
40,2019-11-13,97:102,91:116,bus,,,,,,,,,19.0,,,,,14.0,,,,,,,,,,
40,2019-11-13,97:102,91:116,private_transport,,,,,,,,,,,,,,19.0,,,,,,,,,,
40,2019-11-13,97:102,156:130,bus,,,,,,,,,39.0,,,,,24.0,,,,,,,,,,
40,2019-11-13,97:102,156:130,private_transport,,,,,,,,,54.0,,,,,16.0,,,,,,,,,,
40,2019-11-13,97:102,25:525,private_transport,,,27.0,,,,,,,,,,,,,,,,,,,,,
40,2019-11-13,97:102,32:532,private_transport,,,,,,,,,,41.0,,,,,,,,,,,,,,
40,2019-11-13,97:102,75:313,private_transport,,,,,,,,,,,,,,27.0,,,,,,,,,,
40,2019-11-13,98:217,45:319,private_transport,,28.0,,,,,,,,,,,,,,,,,,,,,,
40,2019-11-13,98:217,96:111,bus,,,,,,,,,,,,,,,18.0,,,,,,,,,
40,2019-11-13,98:217,96:111,private_transport,,,,,,,,,,,,,,,13.0,,,,,,,,,
40,2019-11-13,98:217,110:168,bus,,,,,,,,,,,,,34.0,,,,,,,,,,,
40,2019-11-13,98:217,110:168,private_transport,,,,,,,60.0,,,,,25.0,11.0,,,,,,,,,,,
40,2019-11-13,98:217,121:165,bus,,,,,,,,,,,,,,10.0,,,,,,,,,,
40,2019-11-13,98:217,121:165,private_transport,,,,,,,,,,,,,10.0,,,,,,,,,,,
40,2019-11-13,98:217,158:128,private_transport,,,,,,,11.0,,,,,,,,,,,,,,,,,
40,2019-11-13,98:217,86:105,private_transport,,,,,,,,,39.0,,,,,,,,,,,,,,,
40,2019-11-13,98:217,160:110,bus,,,,,,,,,,,,,,,13.0,,,,,,,,,
40,2019-11-13,98:217,160:110,private_transport,,,,,,,,,,,,,,,18.0,,,,,,,,,
40,2019-11-13,98:217,83:108,private_transport,,,,,,,,,,,,,,,,,,,,,15.0,,,
40,2019-11-13,98:217,103:203,private_transport,,,,,,,21.0,,,,,,,,,,,,,,,,,
40,2019-11-13,98:217,109:169,private_transport,,,,,,,11.0,,,,,,,,,,12.0,,,,,,,
40,2019-11-13,98:217,126:160,bus,,,,,,,,,,,,,,,10.0,,,,,,,,,
40,2019-11-13,98:217,138:148,bus,,,,,,,10.0,,,,,,,,,,,,,,,,10.0,
40,2019-11-13,98:217,138:148,private_transport,,,,,,,57.0,,,,,,,,,,,,,,,,22.0,
40,2019-11-13,98:217,276:144,bus,,,,,,,,,,22.0,,,,,,,22.0,,,,,,,
40,2019-11-13,98:217,276:144,private_transport,,,,,,,,,,10.0,,,,,,,15.0,,,,,,,
40,2019-11-13,98:217,61:413,private_transport,,,,,,,,39.0,,,,,,,,10.0,37.0,,,,,,,
40,2019-11-13,98:217,84:107,bus,,,,,,,13.0,,,,,,,,,,,,,,,,,
40,2019-11-13,98:217,84:107,private_transport,,,,,,,11.0,,,,,,,,,,,,,,,10.0,,
40,2019-11-13,98:217,85:106,private_transport,,,,,,,18.0,,,,,,,,,,,,,,,,,
40,2019-11-13,98:217,98:217,bus,,,,,,,12.0,,,28.0,,,,,,,21.0,,,,,,,
40,2019-11-13,98:217,98:217,private_transport,,,,,,,18.0,,,,,13.0,,,,,13.0,,,,,,,
40,2019-11-13,98:217,108:170,private_transport,,,,,,,,,,,,,,,17.0,,,,,,,,,
40,2019-11-13,98:217,94:113,bus,,,,,,,,,,11.0,,,,,,,,,,,,,,
40,2019-11-13,98:217,87:104,private_transport,,,,,,,,,40.0,,,,,,,,,,,,,,,
40,2019-11-13,9:509,121:165,private_transport,,,,,,,66.0,,,,,,,,,,,,,,,,,
40,2019-11-13,9:509,159:127,private_transport,,,,,,,,,,,33.0,,,,,,,,,,,,,
40,2019-11-13,9:509,86:105,private_transport,,,,,,,29.0,,,,,,,,,,,,,,,,,
40,2019-11-13,9:509,103:203,private_transport,,34.0,,,,,,,,,,,,,,,,,,,,,,
40,2019-11-13,9:509,131:139,private_transport,,18.0,,,,,,,,,,,,,,,,,,,,,,
40,2019-11-13,9:509,84:107,private_transport,,,,,,,34.0,,,,,,,,,,,,,,,,,
